name,station_code,region,type,station_id,group_id,observations_url,forecast_url,forecast_chart_url,info_url,data_url,latitude,longitude,elevation,description,established,municipality,provider
Akrafjall,akrfj,Faxafl,sj,31572,11,https://www.vedur.is/vedur/athuganir/kort/faxafloi/#group=11&station=31572,https://www.vedur.is/vedur/spar/stadaspar/faxafloi/#group=11&station=31572,https://www.vedur.is/vedur/spar/sparit/#m1=31572,https://www.vedur.is/vedur/stodvar/?s=akrfj,https://www.vedur.is/,64.3105,-21.966,37.0,"64°18.631', 21°57.963' (64,3105, 21,966)",,,Vegagerðin
Akureyri - Krossanesbraut,akurk,NA.land,sj,3471,15,https://www.vedur.is/vedur/athuganir/kort/nordurland_eystra/#group=15&station=3471,https://www.vedur.is/vedur/spar/stadaspar/nordurland_eystra/#group=15&station=3471,https://www.vedur.is/vedur/spar/sparit/#m1=3471,https://www.vedur.is/vedur/stodvar/?s=akurk,https://www.vedur.is/,65.6961,-18.1113,30.0,"65°41.767', 18°06.679' (65,6961, 18,1113)",,,Veðurstofa Íslands
Arnarnesvegur,arnve,Faxafl,sj,31109,100,https://www.vedur.is/vedur/athuganir/kort/hofudborgarsvaedid/#group=100&station=31109,,,https://www.vedur.is/vedur/stodvar/?s=arnve,https://www.vedur.is/,64.0888,-21.8366,116.4000015258789,"64°05.325', 21°50.194' (64,0888, 21,8366)",,,Vegagerðin
Austurárdalsháls,audal,Str.& NV,sj,3007,114,https://www.vedur.is/vedur/athuganir/kort/nordurland_vestra/#group=114&station=3007,https://www.vedur.is/vedur/spar/stadaspar/nordurland_vestra/#group=114&station=3007,https://www.vedur.is/vedur/spar/sparit/#m1=3007,https://www.vedur.is/vedur/stodvar/?s=audal,https://www.vedur.is/,65.123,-20.6961,383.0,"65°07.380', 20°41.767' (65,123, 20,6961)",,,Veðurstofa Íslands
Árnes,arnes,S.land,sj,6420,19,https://www.vedur.is/vedur/athuganir/kort/sudurland/#group=19&station=6420,https://www.vedur.is/vedur/spar/stadaspar/sudurland/#group=19&station=6420,https://www.vedur.is/vedur/spar/sparit/#m1=6420,https://www.vedur.is/vedur/stodvar/?s=arnes,https://www.vedur.is/,64.0405,-20.2521,87.0,"64°02.432', 20°15.125' (64,0405, 20,2521)",,,Veðurstofa Íslands
Ásbyrgi,asbrg,NA.land,sj,4614,15,https://www.vedur.is/vedur/athuganir/kort/nordurland_eystra/#group=15&station=4614,https://www.vedur.is/vedur/spar/stadaspar/nordurland_eystra/#group=15&station=4614,https://www.vedur.is/vedur/spar/sparit/#m1=4614,https://www.vedur.is/vedur/stodvar/?s=asbrg,https://www.vedur.is/,66.03,-16.4833,31.5,"66°01.797', 16°28.998' (66,03, 16,4833)",,,Veðurstofa Íslands
Ásgarður,asgar,Breiðafj,sj,2175,12,https://www.vedur.is/vedur/athuganir/kort/breidafjordur/#group=12&station=2175,https://www.vedur.is/vedur/spar/stadaspar/breidafjordur/#group=12&station=2175,https://www.vedur.is/vedur/spar/sparit/#m1=2175,https://www.vedur.is/vedur/stodvar/?s=asgar,https://www.vedur.is/,65.2297,-21.7543,47.900001525878906,"65°13.782', 21°45.256' (65,2297, 21,7543)",,,Veðurstofa Íslands
Bakkagerði,bfjeb,A.land,sj,4380,16,https://www.vedur.is/vedur/athuganir/kort/austurland/#group=16&station=4380,,,https://www.vedur.is/vedur/stodvar/?s=bfjeb,https://www.vedur.is/,65.5235,-13.8167,28.0,"65°31.412', 13°49.004' (65,5235, 13,8167)",,,Veðurstofa Íslands
Básar á Goðalandi,basar,S.land,sj,6237,18,https://www.vedur.is/vedur/athuganir/kort/sudausturland/#group=18&station=6237,https://www.vedur.is/vedur/spar/stadaspar/sudausturland/#group=18&station=6237,https://www.vedur.is/vedur/spar/sparit/#m1=6237,https://www.vedur.is/vedur/stodvar/?s=basar,https://www.vedur.is/,63.6791,-19.4814,239.0,"63°40.745', 19°28.883' (63,6791, 19,4814)",,,Veðurstofa Íslands
Biskupsháls,biskh,NA.land,sj,34326,24,https://www.vedur.is/vedur/athuganir/kort/nordurland_eystra/#group=24&station=34326,https://www.vedur.is/vedur/spar/stadaspar/nordurland_eystra/#group=24&station=34326,https://www.vedur.is/vedur/spar/sparit/#m1=34326,https://www.vedur.is/vedur/stodvar/?s=biskh,https://www.vedur.is/,65.5583,-16.0113,521.0,"65°33.501', 16°00.680' (65,5583, 16,0113)",,,Vegagerðin
Bíldudalur,bildu,Vestf,sj,2428,13,https://www.vedur.is/vedur/athuganir/kort/vestfirdir/#group=13&station=2428,https://www.vedur.is/vedur/spar/stadaspar/vestfirdir/#group=13&station=2428,https://www.vedur.is/vedur/spar/sparit/#m1=2428,https://www.vedur.is/vedur/stodvar/?s=bildu,https://www.vedur.is/,65.6794,-23.6122,16.0,"65°40.765', 23°36.730' (65,6794, 23,6122)",,,Veðurstofa Íslands
Bjargtangar,bjarg,Breiðafj,sj,2304,12,https://www.vedur.is/vedur/athuganir/kort/breidafjordur/#group=12&station=2304,https://www.vedur.is/vedur/spar/stadaspar/breidafjordur/#group=12&station=2304,https://www.vedur.is/vedur/spar/sparit/#m1=2304,https://www.vedur.is/vedur/stodvar/?s=bjarg,https://www.vedur.is/,65.5029,-24.5312,35.0,"65°30.174', 24°31.870' (65,5029, 24,5312)",,,Vegagerðin
Bjarnarey,bjarn,A.land,sj,4472,16,https://www.vedur.is/vedur/athuganir/kort/austurland/#group=16&station=4472,https://www.vedur.is/vedur/spar/stadaspar/austurland/#group=16&station=4472,https://www.vedur.is/vedur/spar/sparit/#m1=4472,https://www.vedur.is/vedur/stodvar/?s=bjarn,https://www.vedur.is/,65.7857,-14.3082,20.0,"65°47.140', 14°18.490' (65,7857, 14,3082)",,,Vegagerðin
Björg í Kinn,utkin,NA.land,sj,3585,115,https://www.vedur.is/vedur/athuganir/kort/nordurland_eystra/#group=115&station=3585,https://www.vedur.is/vedur/spar/stadaspar/nordurland_eystra/#group=115&station=3585,https://www.vedur.is/vedur/spar/sparit/#m1=3585,https://www.vedur.is/vedur/stodvar/?s=utkin,https://www.vedur.is/,65.9454,-17.5919,4.0,"65°56.723', 17°35.511' (65,9454, 17,5919)",,,Veðurstofa Íslands
Bláfeldur,blafe,Faxafl,sj,1936,11,https://www.vedur.is/vedur/athuganir/kort/faxafloi/#group=11&station=1936,https://www.vedur.is/vedur/spar/stadaspar/faxafloi/#group=11&station=1936,https://www.vedur.is/vedur/spar/sparit/#m1=1936,https://www.vedur.is/vedur/stodvar/?s=blafe,https://www.vedur.is/,64.8393,-23.3017,13.100000381469727,"64°50.358', 23°18.102' (64,8393, 23,3017)",,,Veðurstofa Íslands
Bláfjallaskáli,blafs,Faxafl,sj,1487,11,https://www.vedur.is/vedur/athuganir/kort/faxafloi/#group=11&station=1487,,,https://www.vedur.is/vedur/stodvar/?s=blafs,https://www.vedur.is/,63.9831,-21.6497,530.0,"63°58.986', 21°38.979' (63,9831, 21,6497)",,,Veðurstofa Íslands
Bláfjöll,blafj,Faxafl,sj,1486,71,https://www.vedur.is/vedur/athuganir/kort/faxafloi/#group=71&station=1486,https://www.vedur.is/vedur/spar/stadaspar/faxafloi/#group=71&station=1486,https://www.vedur.is/vedur/spar/sparit/#m1=1486,https://www.vedur.is/vedur/stodvar/?s=blafj,https://www.vedur.is/,63.969,-21.6661,530.0,"63°58.140', 21°39.966' (63,969, 21,6661)",,,Veðurstofa Íslands
Blikdalsá,blikd,Faxafl,sj,31577,111,https://www.vedur.is/vedur/athuganir/kort/faxafloi/#group=111&station=31577,https://www.vedur.is/vedur/spar/stadaspar/faxafloi/#group=111&station=31577,https://www.vedur.is/vedur/spar/sparit/#m1=31577,https://www.vedur.is/vedur/stodvar/?s=blikd,https://www.vedur.is/,64.2664,-21.8329,46.0,"64°15.984', 21°49.973' (64,2664, 21,8329)",,,Vegagerðin
Blönduós,bldos,Str.& NV,sj,3317,14,https://www.vedur.is/vedur/athuganir/kort/nordurland_vestra/#group=14&station=3317,https://www.vedur.is/vedur/spar/stadaspar/nordurland_vestra/#group=14&station=3317,https://www.vedur.is/vedur/spar/sparit/#m1=3317,https://www.vedur.is/vedur/stodvar/?s=bldos,https://www.vedur.is/,65.658,-20.2925,8.0,"65°39.480', 20°17.551' (65,658, 20,2925)",,,Veðurstofa Íslands
Blönduós Vegagerðarstöð,blond,Str.& NV,sj,33419,114,https://www.vedur.is/vedur/athuganir/kort/nordurland_vestra/#group=114&station=33419,https://www.vedur.is/vedur/spar/stadaspar/nordurland_vestra/#group=114&station=33419,https://www.vedur.is/vedur/spar/sparit/#m1=33419,https://www.vedur.is/vedur/stodvar/?s=blond,https://www.vedur.is/,65.6668,-20.2383,40.0,"65°40.007', 20°14.296' (65,6668, 20,2383)",,,Vegagerðin
Blönduvirkjun,blduv,Str.& NV,sj,3229,120,https://www.vedur.is/vedur/athuganir/kort/midhalendid/#group=120&station=3229,https://www.vedur.is/vedur/spar/stadaspar/midhalendid/#group=120&station=3229,https://www.vedur.is/vedur/spar/sparit/#m1=3229,https://www.vedur.is/vedur/stodvar/?s=blduv,https://www.vedur.is/,65.4165,-19.8211,351.0,"65°24.990', 19°49.266' (65,4165, 19,8211)",,,Landsvirkjun
Bolungarvík,bolun,Vestf,sj,2738,13,https://www.vedur.is/vedur/athuganir/kort/vestfirdir/#group=13&station=2738,https://www.vedur.is/vedur/spar/stadaspar/vestfirdir/#group=13&station=2738,https://www.vedur.is/vedur/spar/sparit/#m1=2738,https://www.vedur.is/vedur/stodvar/?s=bolun,https://www.vedur.is/,66.161,-23.2538,27.0,"66°09.661', 23°15.230' (66,161, 23,2538)",,,Veðurstofa Íslands
Bolungarvík - Traðargil,boltr,Vestf,sj,,,,,,https://www.vedur.is/vedur/stodvar/?s=boltr,https://www.vedur.is/,66.1684,-23.2681,500.0,"66°10.105', 23°16.084' (66,1684, 23,2681)",,,Veðurstofa Íslands
Borgarhöfn,borgh,SA.land,sj,35116,118,https://www.vedur.is/vedur/athuganir/kort/sudausturland/#group=118&station=35116,https://www.vedur.is/vedur/spar/stadaspar/sudausturland/#group=118&station=35116,https://www.vedur.is/vedur/spar/sparit/#m1=35116,https://www.vedur.is/vedur/stodvar/?s=borgh,https://www.vedur.is/,64.1848,-15.8145,20.0,"64°11.090', 15°48.870' (64,1848, 15,8145)",,,Vegagerðin
Botn í Súgandafirði,botis,Vestf,sj,32635,1301,https://www.vedur.is/vedur/athuganir/kort/vestfirdir/djupid/#group=1301&station=32635,https://www.vedur.is/vedur/spar/stadaspar/vestfirdir/djupid/#group=1301&station=32635,https://www.vedur.is/vedur/spar/sparit/#m1=32635,https://www.vedur.is/vedur/stodvar/?s=botis,https://www.vedur.is/,66.0808,-23.3733,270.0,"66°04.850', 23°22.398' (66,0808, 23,3733)",,,Vegagerðin
Brattabrekka,bratt,Breiðafj,sj,31985,12,https://www.vedur.is/vedur/athuganir/kort/breidafjordur/#group=12&station=31985,https://www.vedur.is/vedur/spar/stadaspar/breidafjordur/#group=12&station=31985,https://www.vedur.is/vedur/spar/sparit/#m1=31985,https://www.vedur.is/vedur/stodvar/?s=bratt,https://www.vedur.is/,64.8716,-21.5154,390.0,"64°52.298', 21°30.927' (64,8716, 21,5154)",,,Vegagerðin
Breiðdalsheiði,brehe,Austf,sj,35965,17,https://www.vedur.is/vedur/athuganir/kort/austfirdir/#group=17&station=35965,https://www.vedur.is/vedur/spar/stadaspar/austfirdir/#group=17&station=35965,https://www.vedur.is/vedur/spar/sparit/#m1=35965,https://www.vedur.is/vedur/stodvar/?s=brehe,https://www.vedur.is/,64.9068,-14.6034,480.0,"64°54.410', 14°36.202' (64,9068, 14,6034)",,,Vegagerðin
Brú á Jökuldal,brujd,A.land,sj,5940,17,https://www.vedur.is/vedur/athuganir/kort/austfirdir/#group=17&station=5940,https://www.vedur.is/vedur/spar/stadaspar/austfirdir/#group=17&station=5940,https://www.vedur.is/vedur/spar/sparit/#m1=5940,https://www.vedur.is/vedur/stodvar/?s=brujd,https://www.vedur.is/,65.1086,-15.5297,373.0,"65°06.514', 15°31.784' (65,1086, 15,5297)",,,Veðurstofa Íslands
Brúaröræfi,bruor,Miðhá,sj,5825,120,https://www.vedur.is/vedur/athuganir/kort/midhalendid/#group=120&station=5825,https://www.vedur.is/vedur/spar/stadaspar/midhalendid/#group=120&station=5825,https://www.vedur.is/vedur/spar/sparit/#m1=5825,https://www.vedur.is/vedur/stodvar/?s=bruor,https://www.vedur.is/,64.8281,-16.0897,748.2000122070312,"64°49.686', 16°05.380' (64,8281, 16,0897)",,,Landsvirkjun
Brúsastaðir,brusa,Str.& NV,sj,3223,14,https://www.vedur.is/vedur/athuganir/kort/nordurland_vestra/#group=14&station=3223,https://www.vedur.is/vedur/spar/stadaspar/nordurland_vestra/#group=14&station=3223,https://www.vedur.is/vedur/spar/sparit/#m1=3223,https://www.vedur.is/vedur/stodvar/?s=brusa,https://www.vedur.is/,65.3784,-20.2473,20.0,"65°22.702', 20°14.838' (65,3784, 20,2473)",,,Veðurstofa Íslands
Bræðratunguvegur,brtve,S.land,sj,36415,28,https://www.vedur.is/vedur/athuganir/kort/sudurland/#group=28&station=36415,https://www.vedur.is/vedur/spar/stadaspar/sudurland/#group=28&station=36415,https://www.vedur.is/vedur/spar/sparit/#m1=36415,https://www.vedur.is/vedur/stodvar/?s=brtve,https://www.vedur.is/,64.1575,-20.3678,66.0,"64°09.450', 20°22.067' (64,1575, 20,3678)",,,Vegagerðin
Búlandshöfði,bulah,Breiðafj,sj,31932,12,https://www.vedur.is/vedur/athuganir/kort/breidafjordur/#group=12&station=31932,https://www.vedur.is/vedur/spar/stadaspar/breidafjordur/#group=12&station=31932,https://www.vedur.is/vedur/spar/sparit/#m1=31932,https://www.vedur.is/vedur/stodvar/?s=bulah,https://www.vedur.is/,64.9366,-23.5033,25.0,"64°56.194', 23°30.201' (64,9366, 23,5033)",,,Vegagerðin
Búrfell,bfell,S.land,sj,6430,19,https://www.vedur.is/vedur/athuganir/kort/sudurland/#group=19&station=6430,https://www.vedur.is/vedur/spar/stadaspar/sudurland/#group=19&station=6430,https://www.vedur.is/vedur/spar/sparit/#m1=6430,https://www.vedur.is/vedur/stodvar/?s=bfell,https://www.vedur.is/,64.1168,-19.7449,249.0,"64°07.009', 19°44.692' (64,1168, 19,7449)",,,Landsvirkjun
Dalatangi,dt,Austf,sk,620,16,https://www.vedur.is/vedur/athuganir/kort/austurland/#group=16&station=620,https://www.vedur.is/vedur/spar/stadaspar/austurland/#group=16&station=620,https://www.vedur.is/vedur/spar/sparit/#m1=620,https://www.vedur.is/vedur/stodvar/?s=dt,https://www.vedur.is/,65.2682,-13.5759,9.0,"65°16.090', 13°34.556' (65,2682, 13,5759)",,,Veðurstofa Íslands
Dalatangi,dalat,Austf,sj,,,,,,https://www.vedur.is/vedur/stodvar/?s=dalat,https://www.vedur.is/,65.2681,-13.575,10.0,"65°16.089', 13°34.500' (65,2681, 13,575)",,,Veðurstofa Íslands
Dettifoss,dfoss,NA.land,sj,34415,24,https://www.vedur.is/vedur/athuganir/kort/nordurland_eystra/#group=24&station=34415,https://www.vedur.is/vedur/spar/stadaspar/nordurland_eystra/#group=24&station=34415,https://www.vedur.is/vedur/spar/sparit/#m1=34415,https://www.vedur.is/vedur/stodvar/?s=dfoss,https://www.vedur.is/,65.8149,-16.4431,373.0,"65°48.897', 16°26.585 (65,8149, 16,4431)",,,Vegagerðin
Egilsstaðaflugvöllur,egflu,A.land,sm,571,16,https://www.vedur.is/vedur/athuganir/kort/austurland/#group=16&station=571,https://www.vedur.is/vedur/spar/stadaspar/austurland/#group=16&station=571,https://www.vedur.is/vedur/spar/sparit/#m1=571,https://www.vedur.is/vedur/stodvar/?s=egflu,https://www.vedur.is/,65.283,-14.4025,23.0,"65°16.980', 14°24.150' (65,283, 14,4025)",,,Veðurstofa Íslands
Eldhraun,eldhr,SA.land,sj,,,,,,https://www.vedur.is/vedur/stodvar/?s=eldhr,https://www.vedur.is/,63.7338,-18.1977,90.0,"63°44.015', 18°11.781' (63,7338, 18,1977)",,,Vegagerðin
Ennisháls,ennis,Str.& NV,sj,32390,13,https://www.vedur.is/vedur/athuganir/kort/vestfirdir/#group=13&station=32390,https://www.vedur.is/vedur/spar/stadaspar/vestfirdir/#group=13&station=32390,https://www.vedur.is/vedur/spar/sparit/#m1=32390,https://www.vedur.is/vedur/stodvar/?s=ennis,https://www.vedur.is/,65.5724,-21.329,260.0,"65°34.342', 21°19.740' (65,5724, 21,329)",,,Vegagerðin
Eskifjörður,eskif,Austf,sj,5981,44,https://www.vedur.is/vedur/athuganir/kort/austfirdir/#group=44&station=5981,https://www.vedur.is/vedur/spar/stadaspar/austfirdir/#group=44&station=5981,https://www.vedur.is/vedur/spar/sparit/#m1=5981,https://www.vedur.is/vedur/stodvar/?s=eskif,https://www.vedur.is/,65.0763,-14.037,2.0,"65°04.580', 14°02.217' (65,0763, 14,037)",,,Veðurstofa Íslands
Eyjabakkar,eyjab,Miðhá,sj,5943,17,https://www.vedur.is/vedur/athuganir/kort/austfirdir/#group=17&station=5943,https://www.vedur.is/vedur/spar/stadaspar/austfirdir/#group=17&station=5943,https://www.vedur.is/vedur/spar/sparit/#m1=5943,https://www.vedur.is/vedur/stodvar/?s=eyjab,https://www.vedur.is/,64.8151,-15.4235,655.2999877929688,"64°48.905', 15°25.408' (64,8151, 15,4235)",,,Landsvirkjun
Eyrarbakki,eyrar,S.land,sj,1395,19,https://www.vedur.is/vedur/athuganir/kort/sudurland/#group=19&station=1395,https://www.vedur.is/vedur/spar/stadaspar/sudurland/#group=19&station=1395,https://www.vedur.is/vedur/spar/sparit/#m1=1395,https://www.vedur.is/vedur/stodvar/?s=eyrar,https://www.vedur.is/,63.8692,-21.1602,3.0,"63°52.152', 21°09.611' (63,8692, 21,1602)",,,Veðurstofa Íslands
Fagradals-Hagafell,faer1,Faxafl,sj,7001,11,https://www.vedur.is/vedur/athuganir/kort/faxafloi/#group=11&station=7001,https://www.vedur.is/vedur/spar/stadaspar/faxafloi/#group=11&station=7001,https://www.vedur.is/vedur/spar/sparit/#m1=7001,https://www.vedur.is/vedur/stodvar/?s=faer1,https://www.vedur.is/,63.9207,-22.2496,270.0,"63°55.242', 22°14.978' (63,9207, 22,2496)",,,Veðurstofa Íslands
Fagridalur,fagri,Austf,sj,34073,26,https://www.vedur.is/vedur/athuganir/kort/austfirdir/#group=26&station=34073,https://www.vedur.is/vedur/spar/stadaspar/austfirdir/#group=26&station=34073,https://www.vedur.is/vedur/spar/sparit/#m1=34073,https://www.vedur.is/vedur/stodvar/?s=fagri,https://www.vedur.is/,65.1264,-14.3327,350.0,"65°07.585', 14°19.960' (65,1264, 14,3327)",,,Vegagerðin
Fagurhólsmýri,fagho,SA.land,sj,5309,18,https://www.vedur.is/vedur/athuganir/kort/sudausturland/#group=18&station=5309,https://www.vedur.is/vedur/spar/stadaspar/sudausturland/#group=18&station=5309,https://www.vedur.is/vedur/spar/sparit/#m1=5309,https://www.vedur.is/vedur/stodvar/?s=fagho,https://www.vedur.is/,63.8743,-16.6364,9.300000190734863,"63°52.460', 16°38.186' (63,8743, 16,6364)",,,Veðurstofa Íslands
Fáskrúðsfjörður Ljósaland,faskr,Austf,sj,5982,17,https://www.vedur.is/vedur/athuganir/kort/austfirdir/#group=17&station=5982,https://www.vedur.is/vedur/spar/stadaspar/austfirdir/#group=17&station=5982,https://www.vedur.is/vedur/spar/sparit/#m1=5982,https://www.vedur.is/vedur/stodvar/?s=faskr,https://www.vedur.is/,64.9372,-14.0407,8.0,"64°56.234', 14°02.442' (64,9372, 14,0407)",,,Veðurstofa Íslands
Festarfjall,festf,S.land,sj,31365,111,https://www.vedur.is/vedur/athuganir/kort/faxafloi/#group=111&station=31365,https://www.vedur.is/vedur/spar/stadaspar/faxafloi/#group=111&station=31365,https://www.vedur.is/vedur/spar/sparit/#m1=31365,https://www.vedur.is/vedur/stodvar/?s=festf,https://www.vedur.is/,63.8595,-22.3436,135.0,"63°51.569', 22°20.615' (63,8595, 22,3436)",,,Vegagerðin
Fíflholt á Mýrum,fiflh,Faxafl,sj,1868,11,https://www.vedur.is/vedur/athuganir/kort/faxafloi/#group=11&station=1868,https://www.vedur.is/vedur/spar/stadaspar/faxafloi/#group=11&station=1868,https://www.vedur.is/vedur/spar/sparit/#m1=1868,https://www.vedur.is/vedur/stodvar/?s=fiflh,https://www.vedur.is/,64.6943,-22.1473,55.70000076293945,"64°41.659', 22°08.840' (64,6943, 22,1473)",,,Veðurstofa Íslands
Fjarðarheiði,fjahe,Austf,sj,34175,26,https://www.vedur.is/vedur/athuganir/kort/austfirdir/#group=26&station=34175,https://www.vedur.is/vedur/spar/stadaspar/austfirdir/#group=26&station=34175,https://www.vedur.is/vedur/spar/sparit/#m1=34175,https://www.vedur.is/vedur/stodvar/?s=fjahe,https://www.vedur.is/,65.2661,-14.259,600.0,"65°15.968', 14°15.538' (65,2661, 14,259)",,,Vegagerðin
Flatey á Breiðafirði,flatb,Breiðafj,sj,32250,12,https://www.vedur.is/vedur/athuganir/kort/breidafjordur/#group=12&station=32250,https://www.vedur.is/vedur/spar/stadaspar/breidafjordur/#group=12&station=32250,https://www.vedur.is/vedur/spar/sparit/#m1=32250,https://www.vedur.is/vedur/stodvar/?s=flatb,https://www.vedur.is/,65.3719,-22.9286,6.0,"65°22.314', 22°55.714' (65,3719, 22,9286)",,,Vegagerðin
Flatey á Skjálfanda,flats,NA.land,sj,3779,15,https://www.vedur.is/vedur/athuganir/kort/nordurland_eystra/#group=15&station=3779,https://www.vedur.is/vedur/spar/stadaspar/nordurland_eystra/#group=15&station=3779,https://www.vedur.is/vedur/spar/sparit/#m1=3779,https://www.vedur.is/vedur/stodvar/?s=flats,https://www.vedur.is/,66.1631,-17.8408,22.0,"66°09.789', 17°50.447' (66,1631, 17,8408)",,,Vegagerðin
Flateyri,feyri,Vestf,sj,2631,1301,https://www.vedur.is/vedur/athuganir/kort/vestfirdir/djupid/#group=1301&station=2631,https://www.vedur.is/vedur/spar/stadaspar/vestfirdir/djupid/#group=1301&station=2631,https://www.vedur.is/vedur/spar/sparit/#m1=2631,https://www.vedur.is/vedur/stodvar/?s=feyri,https://www.vedur.is/,66.0498,-23.51,3.0,"66°02.987', 23°30.603' (66,0498, 23,51)",,,Veðurstofa Íslands
Fljótsheiði,flhei,NA.land,sj,33487,24,https://www.vedur.is/vedur/athuganir/kort/nordurland_eystra/#group=24&station=33487,https://www.vedur.is/vedur/spar/stadaspar/nordurland_eystra/#group=24&station=33487,https://www.vedur.is/vedur/spar/sparit/#m1=33487,https://www.vedur.is/vedur/stodvar/?s=flhei,https://www.vedur.is/,65.697,-17.5032,238.0,"65°41.821', 17°30.194' (65,697, 17,5032)",,,Vegagerðin
Fontur,fontr,NA.land,sj,4867,16,https://www.vedur.is/vedur/athuganir/kort/austurland/#group=16&station=4867,https://www.vedur.is/vedur/spar/stadaspar/austurland/#group=16&station=4867,https://www.vedur.is/vedur/spar/sparit/#m1=4867,https://www.vedur.is/vedur/stodvar/?s=fontr,https://www.vedur.is/,66.3783,-14.5326,43.0,"66°22.701', 14°31.955' (66,3783, 14,5326)",,,Veðurstofa Íslands
Fróðárheiði,frohe,Breiðafj,sj,31931,21,https://www.vedur.is/vedur/athuganir/kort/breidafjordur/#group=21&station=31931,https://www.vedur.is/vedur/spar/stadaspar/breidafjordur/#group=21&station=31931,https://www.vedur.is/vedur/spar/sparit/#m1=31931,https://www.vedur.is/vedur/stodvar/?s=frohe,https://www.vedur.is/,64.8479,-23.4807,361.0,"64°50.872', 23°28.843' (64,8479, 23,4807)",,,Vegagerðin
Gagnheiði,gagnh,Austf,sj,4275,117,https://www.vedur.is/vedur/athuganir/kort/austfirdir/#group=117&station=4275,https://www.vedur.is/vedur/spar/stadaspar/austfirdir/#group=117&station=4275,https://www.vedur.is/vedur/spar/sparit/#m1=4275,https://www.vedur.is/vedur/stodvar/?s=gagnh,https://www.vedur.is/,65.2235,-14.2589,949.0,"65°13.408', 14°15.533' (65,2235, 14,2589)",,,Veðurstofa Íslands
Gagnheiði II,gagnv,Austf,sj,4276,116,https://www.vedur.is/vedur/athuganir/kort/austurland/#group=116&station=4276,,,https://www.vedur.is/vedur/stodvar/?s=gagnv,https://www.vedur.is/,65.2234,-14.2589,949.0,"65°13.405', 14°15.537' (65,2234, 14,2589)",,,Veðurstofa Íslands
Garðabær - Kauptún,kaupt,Faxafl,sj,31475,102,https://www.vedur.is/vedur/athuganir/kort/hofudborgarsvaedid/#group=102&station=31475,https://www.vedur.is/vedur/spar/stadaspar/hofudborgarsvaedid/#group=102&station=31475,https://www.vedur.is/vedur/spar/sparit/#m1=31475,https://www.vedur.is/vedur/stodvar/?s=kaupt,https://www.vedur.is/,64.0797,-21.9029,42.0,"64°04.779', 21°54.172' (64,0797, 21,9029)",,,Vegagerðin
Garðabær Urriðaholt,uholt,Faxafl,sj,1474,100,https://www.vedur.is/vedur/athuganir/kort/hofudborgarsvaedid/#group=100&station=1474,https://www.vedur.is/vedur/spar/stadaspar/hofudborgarsvaedid/#group=100&station=1474,https://www.vedur.is/vedur/spar/sparit/#m1=1474,https://www.vedur.is/vedur/stodvar/?s=uholt,https://www.vedur.is/,64.0712,-21.9107,37.0,"64°04.270', 21°54.640' (64,0712, 21,9107)",,,Veðurstofa Íslands
Garðskagaviti,garsk,Faxafl,sj,1453,38,https://www.vedur.is/vedur/athuganir/kort/faxafloi/#group=38&station=1453,https://www.vedur.is/vedur/spar/stadaspar/faxafloi/#group=38&station=1453,https://www.vedur.is/vedur/spar/sparit/#m1=1453,https://www.vedur.is/vedur/stodvar/?s=garsk,https://www.vedur.is/,64.0817,-22.6893,4.0,"64°04.903', 22°41.359' (64,0817, 22,6893)",,,Vegagerðin
Gauksmýri,gauks,Str.& NV,sj,33204,23,https://www.vedur.is/vedur/athuganir/kort/nordurland_vestra/#group=23&station=33204,https://www.vedur.is/vedur/spar/stadaspar/nordurland_vestra/#group=23&station=33204,https://www.vedur.is/vedur/spar/sparit/#m1=33204,https://www.vedur.is/vedur/stodvar/?s=gauks,https://www.vedur.is/,65.3444,-20.804,120.0,"65°20.665', 20°48.239' (65,3444, 20,804)",,,Vegagerðin
Geldinganes,geldn,Faxafl,sj,1480,100,https://www.vedur.is/vedur/athuganir/kort/hofudborgarsvaedid/#group=100&station=1480,https://www.vedur.is/vedur/spar/stadaspar/hofudborgarsvaedid/#group=100&station=1480,https://www.vedur.is/vedur/spar/sparit/#m1=1480,https://www.vedur.is/vedur/stodvar/?s=geldn,https://www.vedur.is/,64.1678,-21.8038,35.0,"64°10.067', 21°48.228' (64,1678, 21,8038)",,,Veðurstofa Íslands
Gemlufallsheiði,gemlu,Vestf,sj,32533,1301,https://www.vedur.is/vedur/athuganir/kort/vestfirdir/djupid/#group=1301&station=32533,https://www.vedur.is/vedur/spar/stadaspar/vestfirdir/djupid/#group=1301&station=32533,https://www.vedur.is/vedur/spar/sparit/#m1=32533,https://www.vedur.is/vedur/stodvar/?s=gemlu,https://www.vedur.is/,65.94,-23.4364,250.0,"65°56.437', 23°26.184' (65,94, 23,4364)",,,Vegagerðin
Gillastaðamelar,gilla,Breiðafj,sj,32372,21,https://www.vedur.is/vedur/athuganir/kort/breidafjordur/#group=21&station=32372,https://www.vedur.is/vedur/spar/stadaspar/breidafjordur/#group=21&station=32372,https://www.vedur.is/vedur/spar/sparit/#m1=32372,https://www.vedur.is/vedur/stodvar/?s=gilla,https://www.vedur.is/,65.5277,-22.0234,72.0,"65°31.663', 22°01.403' (65,5277, 22,0234)",,,Vegagerðin
Gíghæð,gigha,Faxafl,sj,31361,20,https://www.vedur.is/vedur/athuganir/kort/faxafloi/#group=20&station=31361,https://www.vedur.is/vedur/spar/stadaspar/faxafloi/#group=20&station=31361,https://www.vedur.is/vedur/spar/sparit/#m1=31361,https://www.vedur.is/vedur/stodvar/?s=gigha,https://www.vedur.is/,63.9032,-22.4218,63.0,"63°54.191', 22°25.307' (63,9032, 22,4218)",,,Vegagerðin
Gígjukvísl,gigju,SA.land,sj,,,,,,https://www.vedur.is/vedur/stodvar/?s=gigju,https://www.vedur.is/,63.9362,-17.3503,58.0,"63°56.173', 17°21.016' (63,9362, 17,3503)",,,Vegagerðin
Gjábakki,gjabk,S.land,sj,31599,20,https://www.vedur.is/vedur/athuganir/kort/faxafloi/#group=20&station=31599,https://www.vedur.is/vedur/spar/stadaspar/faxafloi/#group=20&station=31599,https://www.vedur.is/vedur/spar/sparit/#m1=31599,https://www.vedur.is/vedur/stodvar/?s=gjabk,https://www.vedur.is/,64.2481,-21.023,132.0,"64°14.887', 21°01.382' (64,2481, 21,023)",,,Vegagerðin
Gjögur,gjogu,Str.& NV,sj,,,,,,https://www.vedur.is/vedur/stodvar/?s=gjogu,https://www.vedur.is/,65.9968,-21.3278,25.600000381469727,"65°59.806', 21°19.668' (65,9968, 21,3278)",,,Veðurstofa Íslands
Gjögurflugvöllur,gjogr,Str.& NV,sj,2692,23,https://www.vedur.is/vedur/athuganir/kort/nordurland_vestra/#group=23&station=2692,https://www.vedur.is/vedur/spar/stadaspar/nordurland_vestra/#group=23&station=2692,https://www.vedur.is/vedur/spar/sparit/#m1=2692,https://www.vedur.is/vedur/stodvar/?s=gjogr,https://www.vedur.is/,65.9951,-21.3304,28.100000381469727,"65°59.705', 21°19.822' (65,9951, 21,3304)",,,Veðurstofa Íslands
Grindavík,grvik,S.land,sj,1361,11,https://www.vedur.is/vedur/athuganir/kort/faxafloi/#group=11&station=1361,https://www.vedur.is/vedur/spar/stadaspar/faxafloi/#group=11&station=1361,https://www.vedur.is/vedur/spar/sparit/#m1=1361,https://www.vedur.is/vedur/stodvar/?s=grvik,https://www.vedur.is/,63.8438,-22.417,9.300000190734863,"63°50.627', 22°25.023' (63,8438, 22,417)",,,Veðurstofa Íslands
Grímsey,grimy,NA.land,sj,3976,15,https://www.vedur.is/vedur/athuganir/kort/nordurland_eystra/#group=15&station=3976,https://www.vedur.is/vedur/spar/stadaspar/nordurland_eystra/#group=15&station=3976,https://www.vedur.is/vedur/spar/sparit/#m1=3976,https://www.vedur.is/vedur/stodvar/?s=grimy,https://www.vedur.is/,66.5438,-18.0167,19.0,"66°32.627', 18°01.004' (66,5438, 18,0167)",,,Veðurstofa Íslands
Grímsstaðir,grst,NA.land,sk,495,15,https://www.vedur.is/vedur/athuganir/kort/nordurland_eystra/#group=15&station=495,,,https://www.vedur.is/vedur/stodvar/?s=grst,https://www.vedur.is/,65.6423,-16.1208,384.0,"65°38.539', 16°07.249' (65,6423, 16,1208)",,,Veðurstofa Íslands
Grímsstaðir á Fjöllum,grist,NA.land,sj,4323,16,,https://www.vedur.is/vedur/spar/stadaspar/austurland/#group=16&station=4323,https://www.vedur.is/vedur/spar/sparit/#m1=4323,https://www.vedur.is/vedur/stodvar/?s=grist,https://www.vedur.is/,65.6422,-16.1284,382.29998779296875,"65°38.532', 16°07.702' (65,6422, 16,1284)",,,Veðurstofa Íslands
Grundarfjörður,grufj,Breiðafj,sj,1938,39,https://www.vedur.is/vedur/athuganir/kort/breidafjordur/#group=39&station=1938,https://www.vedur.is/vedur/spar/stadaspar/breidafjordur/#group=39&station=1938,https://www.vedur.is/vedur/spar/sparit/#m1=1938,https://www.vedur.is/vedur/stodvar/?s=grufj,https://www.vedur.is/,64.9213,-23.2513,5.699999809265137,"64°55.278', 23°15.076' (64,9213, 23,2513)",,,Veðurstofa Íslands
Græfur í Fagradal,grfur,Austf,sj,34081,116,https://www.vedur.is/vedur/athuganir/kort/austurland/#group=116&station=34081,https://www.vedur.is/vedur/spar/stadaspar/austurland/#group=116&station=34081,https://www.vedur.is/vedur/spar/sparit/#m1=34081,https://www.vedur.is/vedur/stodvar/?s=grfur,https://www.vedur.is/,65.1682,-14.339,322.0,"65°10.030', 14°20.337' (65,1682, 14,339)",,,Vegagerðin
Gufuskálar,gufus,Breiðafj,sj,1919,12,https://www.vedur.is/vedur/athuganir/kort/breidafjordur/#group=12&station=1919,https://www.vedur.is/vedur/spar/stadaspar/breidafjordur/#group=12&station=1919,https://www.vedur.is/vedur/spar/sparit/#m1=1919,https://www.vedur.is/vedur/stodvar/?s=gufus,https://www.vedur.is/,64.9041,-23.9316,7.0,"64°54.247', 23°55.896' (64,9041, 23,9316)",,,Veðurstofa Íslands
Gullfoss,gullf,S.land,sj,36519,28,https://www.vedur.is/vedur/athuganir/kort/sudurland/#group=28&station=36519,https://www.vedur.is/vedur/spar/stadaspar/sudurland/#group=28&station=36519,https://www.vedur.is/vedur/spar/sparit/#m1=36519,https://www.vedur.is/vedur/stodvar/?s=gullf,https://www.vedur.is/,64.3077,-20.2119,191.0,"64°18.460', 20°12.714' (64,3077, 20,2119)",,,Vegagerðin
Hafnarfjall,hfnfj,Faxafl,sj,31674,20,https://www.vedur.is/vedur/athuganir/kort/faxafloi/#group=20&station=31674,https://www.vedur.is/vedur/spar/stadaspar/faxafloi/#group=20&station=31674,https://www.vedur.is/vedur/spar/sparit/#m1=31674,https://www.vedur.is/vedur/stodvar/?s=hfnfj,https://www.vedur.is/,64.4755,-21.9603,25.0,"64°28.528', 21°57.617' (64,4755, 21,9603)",,,Vegagerðin
Hafursfell,hafur,Faxafl,sj,31958,20,https://www.vedur.is/vedur/athuganir/kort/faxafloi/#group=20&station=31958,https://www.vedur.is/vedur/spar/stadaspar/faxafloi/#group=20&station=31958,https://www.vedur.is/vedur/spar/sparit/#m1=31958,https://www.vedur.is/vedur/stodvar/?s=hafur,https://www.vedur.is/,64.831,-22.5328,65.0,"64°49.859', 22°31.969' (64,831, 22,5328)",,,Vegagerðin
Hallormsstaðaháls,hhals,Miðhá,sj,5960,61,https://www.vedur.is/vedur/athuganir/kort/midhalendid/#group=61&station=5960,https://www.vedur.is/vedur/spar/stadaspar/midhalendid/#group=61&station=5960,https://www.vedur.is/vedur/spar/sparit/#m1=5960,https://www.vedur.is/vedur/stodvar/?s=hhals,https://www.vedur.is/,65.0795,-14.6748,573.0999755859375,"65°04.772', 14°40.485' (65,0795, 14,6748)",,,Veðurstofa Íslands
Hallormsstaður,hallm,A.land,sj,4060,17,https://www.vedur.is/vedur/athuganir/kort/austfirdir/#group=17&station=4060,https://www.vedur.is/vedur/spar/stadaspar/austfirdir/#group=17&station=4060,https://www.vedur.is/vedur/spar/sparit/#m1=4060,https://www.vedur.is/vedur/stodvar/?s=hallm,https://www.vedur.is/,65.0939,-14.7449,60.0,"65°05.635', 14°44.693' (65,0939, 14,7449)",,,Veðurstofa Íslands
Hallsteinsdalsvarp,halls,Austf,sj,5970,116,https://www.vedur.is/vedur/athuganir/kort/austurland/#group=116&station=5970,https://www.vedur.is/vedur/spar/stadaspar/austurland/#group=116&station=5970,https://www.vedur.is/vedur/spar/sparit/#m1=5970,https://www.vedur.is/vedur/stodvar/?s=halls,https://www.vedur.is/,65.0182,-14.4535,634.0,"65°01.090', 14°27.209' (65,0182, 14,4535)",,,Veðurstofa Íslands
Hallsteinsnes,hastn,Breiðafj,sj,32363,113,https://www.vedur.is/vedur/athuganir/kort/vestfirdir/#group=113&station=32363,,,https://www.vedur.is/vedur/stodvar/?s=hastn,https://www.vedur.is/,65.5292,-22.3345,6.0,"65°31.753', 22°20.069' (65,5292, 22,3345)",,,Vegagerðin
Hamarsfjörður,hamaf,Austf,sj,35769,26,https://www.vedur.is/vedur/athuganir/kort/austfirdir/#group=26&station=35769,https://www.vedur.is/vedur/spar/stadaspar/austfirdir/#group=26&station=35769,https://www.vedur.is/vedur/spar/sparit/#m1=35769,https://www.vedur.is/vedur/stodvar/?s=hamaf,https://www.vedur.is/,64.6558,-14.4527,19.0,"64°39.349', 14°27.163' (64,6558, 14,4527)",,,Vegagerðin
Haugur,haugr,Str.& NV,sj,3103,14,https://www.vedur.is/vedur/athuganir/kort/nordurland_vestra/#group=14&station=3103,https://www.vedur.is/vedur/spar/stadaspar/nordurland_vestra/#group=14&station=3103,https://www.vedur.is/vedur/spar/sparit/#m1=3103,https://www.vedur.is/vedur/stodvar/?s=haugr,https://www.vedur.is/,65.1839,-20.785,118.30000305175781,"65°11.034', 20°47.103' (65,1839, 20,785)",,,Veðurstofa Íslands
Hauksstaðir,haust,A.land,sj,34450,24,https://www.vedur.is/vedur/athuganir/kort/nordurland_eystra/#group=24&station=34450,https://www.vedur.is/vedur/spar/stadaspar/nordurland_eystra/#group=24&station=34450,https://www.vedur.is/vedur/spar/sparit/#m1=34450,https://www.vedur.is/vedur/stodvar/?s=haust,https://www.vedur.is/,65.6571,-15.1652,212.0,"65°39.424', 15°09.911' (65,6571, 15,1652)",,,Vegagerðin
Hágöngur syðri,hagsy,Miðhá,sj,6775,62,https://www.vedur.is/vedur/athuganir/kort/midhalendid/#group=62&station=6775,,,https://www.vedur.is/vedur/stodvar/?s=hagsy,https://www.vedur.is/,64.536,-18.1897,789.0,"64°32.162', 18°11.385' (64,536, 18,1897)",,,Landsvirkjun
Hálfdán,halfd,Breiðafj,sj,32322,22,https://www.vedur.is/vedur/athuganir/kort/vestfirdir/#group=22&station=32322,https://www.vedur.is/vedur/spar/stadaspar/vestfirdir/#group=22&station=32322,https://www.vedur.is/vedur/spar/sparit/#m1=32322,https://www.vedur.is/vedur/stodvar/?s=halfd,https://www.vedur.is/,65.6444,-23.7106,525.0,"65°38.667', 23°42.635' (65,6444, 23,7106)",,,Vegagerðin
Hálsar,halsr,NA.land,sj,34733,16,https://www.vedur.is/vedur/athuganir/kort/austurland/#group=16&station=34733,https://www.vedur.is/vedur/spar/stadaspar/austurland/#group=16&station=34733,https://www.vedur.is/vedur/spar/sparit/#m1=34733,https://www.vedur.is/vedur/stodvar/?s=halsr,https://www.vedur.is/,66.2532,-15.8161,180.0,"66°15.189', 15°48.968' (66,2532, 15,8161)",,,Vegagerðin
Hámundarstaðaháls,hamun,NA.land,sj,33563,14,https://www.vedur.is/vedur/athuganir/kort/nordurland_vestra/#group=14&station=33563,https://www.vedur.is/vedur/spar/stadaspar/nordurland_vestra/#group=14&station=33563,https://www.vedur.is/vedur/spar/sparit/#m1=33563,https://www.vedur.is/vedur/stodvar/?s=hamun,https://www.vedur.is/,65.9518,-18.4593,103.0,"65°57.105', 18°27.557' (65,9518, 18,4593)",,,Vegagerðin
Hella,hella,S.land,sj,6315,19,https://www.vedur.is/vedur/athuganir/kort/sudurland/#group=19&station=6315,https://www.vedur.is/vedur/spar/stadaspar/sudurland/#group=19&station=6315,https://www.vedur.is/vedur/spar/sparit/#m1=6315,https://www.vedur.is/vedur/stodvar/?s=hella,https://www.vedur.is/,63.8257,-20.3654,20.0,"63°49.541', 20°21.923' (63,8257, 20,3654)",,,Veðurstofa Íslands
Hellisheiði,hellh,S.land,sj,31392,11,https://www.vedur.is/vedur/athuganir/kort/faxafloi/#group=11&station=31392,https://www.vedur.is/vedur/spar/stadaspar/faxafloi/#group=11&station=31392,https://www.vedur.is/vedur/spar/sparit/#m1=31392,https://www.vedur.is/vedur/stodvar/?s=hellh,https://www.vedur.is/,64.0188,-21.3424,360.0,"64°01.127', 21°20.543' (64,0188, 21,3424)",,,Vegagerðin
Hellisskarð,hells,Faxafl,sj,1490,111,https://www.vedur.is/vedur/athuganir/kort/faxafloi/#group=111&station=1490,https://www.vedur.is/vedur/spar/stadaspar/faxafloi/#group=111&station=1490,https://www.vedur.is/vedur/spar/sparit/#m1=1490,https://www.vedur.is/vedur/stodvar/?s=hells,https://www.vedur.is/,64.0333,-21.3665,380.0,"64°02.000', 21°21.992' (64,0333, 21,3665)",,,Veðurstofa Íslands
Héðinsfjörður,hedfj,NA.land,sj,33654,24,https://www.vedur.is/vedur/athuganir/kort/nordurland_eystra/#group=24&station=33654,https://www.vedur.is/vedur/spar/stadaspar/nordurland_eystra/#group=24&station=33654,https://www.vedur.is/vedur/spar/sparit/#m1=33654,https://www.vedur.is/vedur/stodvar/?s=hedfj,https://www.vedur.is/,66.1022,-18.813,20.0,"66°06.134', 18°48.777' (66,1022, 18,813)",,,Vegagerðin
Hjarðarland,hjard,S.land,sj,6515,19,https://www.vedur.is/vedur/athuganir/kort/sudurland/#group=19&station=6515,https://www.vedur.is/vedur/spar/stadaspar/sudurland/#group=19&station=6515,https://www.vedur.is/vedur/spar/sparit/#m1=6515,https://www.vedur.is/vedur/stodvar/?s=hjard,https://www.vedur.is/,64.2509,-20.3331,88.0,"64°15.052', 20°19.986' (64,2509, 20,3331)",,,Veðurstofa Íslands
Holtavörðuheiði,holta,Str.& NV,sj,32097,12,https://www.vedur.is/vedur/athuganir/kort/breidafjordur/#group=12&station=32097,https://www.vedur.is/vedur/spar/stadaspar/breidafjordur/#group=12&station=32097,https://www.vedur.is/vedur/spar/sparit/#m1=32097,https://www.vedur.is/vedur/stodvar/?s=holta,https://www.vedur.is/,64.9899,-21.0576,370.0,"64°59.395', 21°03.457' (64,9899, 21,0576)",,,Vegagerðin
Hornbjargsviti,hornb,Str.& NV,sj,2862,13,https://www.vedur.is/vedur/athuganir/kort/vestfirdir/#group=13&station=2862,https://www.vedur.is/vedur/spar/stadaspar/vestfirdir/#group=13&station=2862,https://www.vedur.is/vedur/spar/sparit/#m1=2862,https://www.vedur.is/vedur/stodvar/?s=hornb,https://www.vedur.is/,66.4107,-22.3789,22.0,"66°24.639', 22°22.734' (66,4107, 22,3789)",,,Vegagerðin
Hófaskarð,hofas,NA.land,sj,34732,115,https://www.vedur.is/vedur/athuganir/kort/nordurland_eystra/#group=115&station=34732,https://www.vedur.is/vedur/spar/stadaspar/nordurland_eystra/#group=115&station=34732,https://www.vedur.is/vedur/spar/sparit/#m1=34732,https://www.vedur.is/vedur/stodvar/?s=hofas,https://www.vedur.is/,66.2984,-15.8933,217.0,"66°17.906', 15°53.596' (66,2984, 15,8933)",,,Vegagerðin
Hólar í Dýrafirði,holar,Vestf,sj,2530,13,https://www.vedur.is/vedur/athuganir/kort/vestfirdir/#group=13&station=2530,https://www.vedur.is/vedur/spar/stadaspar/vestfirdir/#group=13&station=2530,https://www.vedur.is/vedur/spar/sparit/#m1=2530,https://www.vedur.is/vedur/stodvar/?s=holar,https://www.vedur.is/,65.8686,-23.5578,16.0,"65°52.117', 23°33.467' (65,8686, 23,5578)",,,Veðurstofa Íslands
Hólasandur,holas,NA.land,sj,33495,115,https://www.vedur.is/vedur/athuganir/kort/nordurland_eystra/#group=115&station=33495,https://www.vedur.is/vedur/spar/stadaspar/nordurland_eystra/#group=115&station=33495,https://www.vedur.is/vedur/spar/sparit/#m1=33495,https://www.vedur.is/vedur/stodvar/?s=holas,https://www.vedur.is/,65.7374,-17.1057,350.0,"65°44.242', 17°06.340' (65,7374, 17,1057)",,,Vegagerðin
Hólmavík,holma,Str.& NV,sj,2481,12,https://www.vedur.is/vedur/athuganir/kort/breidafjordur/#group=12&station=2481,https://www.vedur.is/vedur/spar/stadaspar/breidafjordur/#group=12&station=2481,https://www.vedur.is/vedur/spar/sparit/#m1=2481,https://www.vedur.is/vedur/stodvar/?s=holma,https://www.vedur.is/,65.6873,-21.6813,10.0,"65°41.239', 21°40.878' (65,6873, 21,6813)",,,Veðurstofa Íslands
Hólmsheiði,holms,Faxafl,sj,1481,100,https://www.vedur.is/vedur/athuganir/kort/hofudborgarsvaedid/#group=100&station=1481,https://www.vedur.is/vedur/spar/stadaspar/hofudborgarsvaedid/#group=100&station=1481,https://www.vedur.is/vedur/spar/sparit/#m1=1481,https://www.vedur.is/vedur/stodvar/?s=holms,https://www.vedur.is/,64.1085,-21.6864,130.0,"64°06.510', 21°41.182' (64,1085, 21,6864)",,,Veðurstofa Íslands
Hólshyrna,holsh,Str.& NV,sj,33652,115,https://www.vedur.is/vedur/athuganir/kort/nordurland_eystra/#group=115&station=33652,https://www.vedur.is/vedur/spar/stadaspar/nordurland_eystra/#group=115&station=33652,https://www.vedur.is/vedur/spar/sparit/#m1=33652,https://www.vedur.is/vedur/stodvar/?s=holsh,https://www.vedur.is/,66.1317,-18.9023,56.0,"66°07.901', 18°54.137' (66,1317, 18,9023)",,,Vegagerðin
Hrafnanes,hrans,Breiðafj,sj,32336,12,https://www.vedur.is/vedur/athuganir/kort/breidafjordur/#group=12&station=32336,,,https://www.vedur.is/vedur/stodvar/?s=hrans,https://www.vedur.is/,65.4918,-23.3172,30.0,"65°29.508', 23°19.035' (65,4918, 23,3172)",,,Vegagerðin
Hraunsmúli,hramu,Faxafl,sj,31840,20,https://www.vedur.is/vedur/athuganir/kort/faxafloi/#group=20&station=31840,https://www.vedur.is/vedur/spar/stadaspar/faxafloi/#group=20&station=31840,https://www.vedur.is/vedur/spar/sparit/#m1=31840,https://www.vedur.is/vedur/stodvar/?s=hramu,https://www.vedur.is/,64.8221,-23.1894,10.0,"64°49.324', 23°11.361' (64,8221, 23,1894)",,,Vegagerðin
Húsafell,husaf,Faxafl,sj,6802,11,https://www.vedur.is/vedur/athuganir/kort/faxafloi/#group=11&station=6802,https://www.vedur.is/vedur/spar/stadaspar/faxafloi/#group=11&station=6802,https://www.vedur.is/vedur/spar/sparit/#m1=6802,https://www.vedur.is/vedur/stodvar/?s=husaf,https://www.vedur.is/,64.699,-20.869,132.8000030517578,"64°41.939', 20°52.140' (64,699, 20,869)",,,Veðurstofa Íslands
Húsavík,husvk,NA.land,sj,3696,15,https://www.vedur.is/vedur/athuganir/kort/nordurland_eystra/#group=15&station=3696,https://www.vedur.is/vedur/spar/stadaspar/nordurland_eystra/#group=15&station=3696,https://www.vedur.is/vedur/spar/sparit/#m1=3696,https://www.vedur.is/vedur/stodvar/?s=husvk,https://www.vedur.is/,66.0418,-17.3281,28.200000762939453,"66°02.509', 17°19.685' (66,0418, 17,3281)",,,Veðurstofa Íslands
Hvalnes,hvaln,Austf,sj,35666,18,https://www.vedur.is/vedur/athuganir/kort/sudausturland/#group=18&station=35666,https://www.vedur.is/vedur/spar/stadaspar/sudausturland/#group=18&station=35666,https://www.vedur.is/vedur/spar/sparit/#m1=35666,https://www.vedur.is/vedur/stodvar/?s=hvaln,https://www.vedur.is/,64.4074,-14.5393,20.0,"64°24.445', 14°32.360' (64,4074, 14,5393)",,,Vegagerðin
Hvammur,hvamm,S.land,sj,36127,28,https://www.vedur.is/vedur/athuganir/kort/sudurland/#group=28&station=36127,https://www.vedur.is/vedur/spar/stadaspar/sudurland/#group=28&station=36127,https://www.vedur.is/vedur/spar/sparit/#m1=36127,https://www.vedur.is/vedur/stodvar/?s=hvamm,https://www.vedur.is/,63.5784,-19.9016,20.0,"63°34.706', 19°54.097' (63,5784, 19,9016)",,,Vegagerðin
Hvanneyri,hveyb,Faxafl,sj,1777,11,https://www.vedur.is/vedur/athuganir/kort/faxafloi/#group=11&station=1777,https://www.vedur.is/vedur/spar/stadaspar/faxafloi/#group=11&station=1777,https://www.vedur.is/vedur/spar/sparit/#m1=1777,https://www.vedur.is/vedur/stodvar/?s=hveyb,https://www.vedur.is/,64.5616,-21.7746,11.0,"64°33.697', 21°46.479' (64,5616, 21,7746)",,,Veðurstofa Íslands
Hveravellir,hvell,Miðhá,sj,6935,61,https://www.vedur.is/vedur/athuganir/kort/midhalendid/#group=61&station=6935,https://www.vedur.is/vedur/spar/stadaspar/midhalendid/#group=61&station=6935,https://www.vedur.is/vedur/spar/sparit/#m1=6935,https://www.vedur.is/vedur/stodvar/?s=hvell,https://www.vedur.is/,64.8668,-19.5622,641.0,"64°52.005', 19°33.733' (64,8668, 19,5622)",,,Veðurstofa Íslands
Höfn í Hornafirði,hofnh,SA.land,sj,5544,18,https://www.vedur.is/vedur/athuganir/kort/sudausturland/#group=18&station=5544,https://www.vedur.is/vedur/spar/stadaspar/sudausturland/#group=18&station=5544,https://www.vedur.is/vedur/spar/sparit/#m1=5544,https://www.vedur.is/vedur/stodvar/?s=hofnh,https://www.vedur.is/,64.2691,-15.2135,5.0,"64°16.145', 15°12.811' (64,2691, 15,2135)",,,Veðurstofa Íslands
Ingólfsfjall,ingfj,S.land,sj,31399,28,https://www.vedur.is/vedur/athuganir/kort/sudurland/#group=28&station=31399,https://www.vedur.is/vedur/spar/stadaspar/sudurland/#group=28&station=31399,https://www.vedur.is/vedur/spar/sparit/#m1=31399,https://www.vedur.is/vedur/stodvar/?s=ingfj,https://www.vedur.is/,63.9574,-21.0633,51.0,"63°57.444', 21°03.797' (63,9574, 21,0633)",,,Vegagerðin
Ingólfshöfði,ingol,SA.land,sj,5210,45,https://www.vedur.is/vedur/athuganir/kort/sudausturland/#group=45&station=5210,https://www.vedur.is/vedur/spar/stadaspar/sudausturland/#group=45&station=5210,https://www.vedur.is/vedur/spar/sparit/#m1=5210,https://www.vedur.is/vedur/stodvar/?s=ingol,https://www.vedur.is/,63.8028,-16.6509,57.20000076293945,"63°48.170', 16°39.054' (63,8028, 16,6509)",,,Vegagerðin
Ísafjörður - vindur,isafj,Vestf,sj,2642,1302,https://www.vedur.is/vedur/athuganir/kort/vestfirdir/djupid/#group=1302&station=2642,,,https://www.vedur.is/vedur/stodvar/?s=isafj,https://www.vedur.is/,66.0596,-23.1699,2.200000047683716,"66°03.578', 23°10.196' (66,0596, 23,1699)",,,Veðurstofa Íslands
Ísafjörður Tungudalur,isaft,Vestf,sj,2644,1301,https://www.vedur.is/vedur/athuganir/kort/vestfirdir/djupid/#group=1301&station=2644,https://www.vedur.is/vedur/spar/stadaspar/vestfirdir/djupid/#group=1301&station=2644,https://www.vedur.is/vedur/spar/sparit/#m1=2644,https://www.vedur.is/vedur/stodvar/?s=isaft,https://www.vedur.is/,66.06,-23.1847,4.0,"66°03.602', 23°11.085' (66,06, 23,1847)",,,Veðurstofa Íslands
Jökuldalur,jodal,A.land,sj,34148,15,https://www.vedur.is/vedur/athuganir/kort/nordurland_eystra/#group=15&station=34148,https://www.vedur.is/vedur/spar/stadaspar/nordurland_eystra/#group=15&station=34148,https://www.vedur.is/vedur/spar/sparit/#m1=34148,https://www.vedur.is/vedur/stodvar/?s=jodal,https://www.vedur.is/,65.3019,-15.2237,473.0,"65°18.117', 15°13.424' (65,3019, 15,2237)",,,Vegagerðin
Jökulheimar,jheim,Miðhá,sj,6670,18,https://www.vedur.is/vedur/athuganir/kort/sudausturland/#group=18&station=6670,https://www.vedur.is/vedur/spar/stadaspar/sudausturland/#group=18&station=6670,https://www.vedur.is/vedur/spar/sparit/#m1=6670,https://www.vedur.is/vedur/stodvar/?s=jheim,https://www.vedur.is/,64.3163,-18.2208,726.0,"64°18.977', 18°13.248' (64,3163, 18,2208)",,,Landsvirkjun
Kaldakinn,kakin,NA.land,sj,33480,115,https://www.vedur.is/vedur/athuganir/kort/nordurland_eystra/#group=115&station=33480,https://www.vedur.is/vedur/spar/stadaspar/nordurland_eystra/#group=115&station=33480,https://www.vedur.is/vedur/spar/sparit/#m1=33480,https://www.vedur.is/vedur/stodvar/?s=kakin,https://www.vedur.is/,65.7426,-17.592,120.0,"65°44.557', 17°35.520' (65,7426, 17,592)",,,Vegagerðin
Kambanes,kamba,Austf,sj,5885,17,https://www.vedur.is/vedur/athuganir/kort/austfirdir/#group=17&station=5885,https://www.vedur.is/vedur/spar/stadaspar/austfirdir/#group=17&station=5885,https://www.vedur.is/vedur/spar/sparit/#m1=5885,https://www.vedur.is/vedur/stodvar/?s=kamba,https://www.vedur.is/,64.8015,-13.843,29.799999237060547,"64°48.090', 13°50.580' (64,8015, 13,843)",,,Veðurstofa Íslands
Kambaskriður,kambs,Austf,sj,35884,26,https://www.vedur.is/vedur/athuganir/kort/austfirdir/#group=26&station=35884,https://www.vedur.is/vedur/spar/stadaspar/austfirdir/#group=26&station=35884,https://www.vedur.is/vedur/spar/sparit/#m1=35884,https://www.vedur.is/vedur/stodvar/?s=kambs,https://www.vedur.is/,64.7981,-13.8901,37.0,"64°47.889', 13°53.407' (64,7981, 13,8901)",,,Vegagerðin
Kálfhóll,kalfh,S.land,sj,6310,19,https://www.vedur.is/vedur/athuganir/kort/sudurland/#group=19&station=6310,https://www.vedur.is/vedur/spar/stadaspar/sudurland/#group=19&station=6310,https://www.vedur.is/vedur/spar/sparit/#m1=6310,https://www.vedur.is/vedur/stodvar/?s=kalfh,https://www.vedur.is/,63.9628,-20.5669,52.0,"63°57.767', 20°34.016' (63,9628, 20,5669)",,,Veðurstofa Íslands
Kárahnjúkar,karah,Miðhá,sj,5933,17,https://www.vedur.is/vedur/athuganir/kort/austfirdir/#group=17&station=5933,https://www.vedur.is/vedur/spar/stadaspar/austfirdir/#group=17&station=5933,https://www.vedur.is/vedur/spar/sparit/#m1=5933,https://www.vedur.is/vedur/stodvar/?s=karah,https://www.vedur.is/,64.9284,-15.7771,639.0,"64°55.702', 15°46.627' (64,9284, 15,7771)",,,Landsvirkjun
Keflavíkurflugvöllur,kvk,Faxafl,sk,990,11,https://www.vedur.is/vedur/athuganir/kort/faxafloi/#group=11&station=990,https://www.vedur.is/vedur/spar/stadaspar/faxafloi/#group=11&station=990,https://www.vedur.is/vedur/spar/sparit/#m1=990,https://www.vedur.is/vedur/stodvar/?s=kvk,https://www.vedur.is/,63.9802,-22.5953,51.0,"63°58.814', 22°35.716' (63,9802, 22,5953)",,,Veðurstofa Íslands
Keflavíkurflugvöllur,kefla,Faxafl,sj,,,,,,https://www.vedur.is/vedur/stodvar/?s=kefla,https://www.vedur.is/,63.9829,-22.6005,50.900001525878906,"63°58.974', 22°36.031' (63,9829, 22,6005)",,,Veðurstofa Íslands
Kerlingarfjöll - Ásgarðsfjall,asgfj,Miðhá,sj,6745,61,https://www.vedur.is/vedur/athuganir/kort/midhalendid/#group=61&station=6745,,,https://www.vedur.is/vedur/stodvar/?s=asgfj,https://www.vedur.is/,64.681,-19.2827,925.0,"64°40.859', 19°16.961' (64,681, 19,2827)",,,Veðurstofa Íslands
Kirkjubæjarklaustur Stjórnarsandur,klaus,SA.land,sj,6272,18,https://www.vedur.is/vedur/athuganir/kort/sudausturland/#group=18&station=6272,https://www.vedur.is/vedur/spar/stadaspar/sudausturland/#group=18&station=6272,https://www.vedur.is/vedur/spar/sparit/#m1=6272,https://www.vedur.is/vedur/stodvar/?s=klaus,https://www.vedur.is/,63.793,-18.0119,22.0,"63°47.583', 18°00.717' (63,793, 18,0119)",,,Veðurstofa Íslands
Kjalarnes,kjaln,Faxafl,sj,31579,100,https://www.vedur.is/vedur/athuganir/kort/hofudborgarsvaedid/#group=100&station=31579,https://www.vedur.is/vedur/spar/stadaspar/hofudborgarsvaedid/#group=100&station=31579,https://www.vedur.is/vedur/spar/sparit/#m1=31579,https://www.vedur.is/vedur/stodvar/?s=kjaln,https://www.vedur.is/,64.2106,-21.7667,10.0,"64°12.639', 21°46.002' (64,2106, 21,7667)",,,Vegagerðin
Kleifaheiði,klehe,Breiðafj,sj,32224,22,https://www.vedur.is/vedur/athuganir/kort/vestfirdir/#group=22&station=32224,https://www.vedur.is/vedur/spar/stadaspar/vestfirdir/#group=22&station=32224,https://www.vedur.is/vedur/spar/sparit/#m1=32224,https://www.vedur.is/vedur/stodvar/?s=klehe,https://www.vedur.is/,65.5172,-23.7211,400.0,"65°31.030', 23°43.266' (65,5172, 23,7211)",,,Vegagerðin
Kleifarvatn,kleva,S.land,sj,31372,111,https://www.vedur.is/vedur/athuganir/kort/faxafloi/#group=111&station=31372,,,https://www.vedur.is/vedur/stodvar/?s=kleva,https://www.vedur.is/,63.919,-22.0158,152.0,"63°55.139', 22°00.950' (63,919, 22,0158)",,,Vegagerðin
Klettsháls,klett,Breiðafj,sj,32355,12,https://www.vedur.is/vedur/athuganir/kort/breidafjordur/#group=12&station=32355,https://www.vedur.is/vedur/spar/stadaspar/breidafjordur/#group=12&station=32355,https://www.vedur.is/vedur/spar/sparit/#m1=32355,https://www.vedur.is/vedur/stodvar/?s=klett,https://www.vedur.is/,65.655,-22.6088,330.0,"65°39.298', 22°36.530' (65,655, 22,6088)",,,Vegagerðin
Kolás,kolas,Faxafl,sj,31882,111,https://www.vedur.is/vedur/athuganir/kort/faxafloi/#group=111&station=31882,https://www.vedur.is/vedur/spar/stadaspar/faxafloi/#group=111&station=31882,https://www.vedur.is/vedur/spar/sparit/#m1=31882,https://www.vedur.is/vedur/stodvar/?s=kolas,https://www.vedur.is/,64.6956,-21.6359,66.0,"64°41.734', 21°38.134' (64,6956, 21,6359)",,,Vegagerðin
Kolgrafafjarðarbrú,kolbr,Breiðafj,sj,31942,112,https://www.vedur.is/vedur/athuganir/kort/breidafjordur/#group=112&station=31942,https://www.vedur.is/vedur/spar/stadaspar/breidafjordur/#group=112&station=31942,https://www.vedur.is/vedur/spar/sparit/#m1=31942,https://www.vedur.is/vedur/stodvar/?s=kolbr,https://www.vedur.is/,64.9665,-23.126,3.0,"64°57.987', 23°07.560' (64,9665, 23,126)",,,Vegagerðin
Kolka,kolka,Miðhá,sj,3225,14,https://www.vedur.is/vedur/athuganir/kort/nordurland_vestra/#group=14&station=3225,https://www.vedur.is/vedur/spar/stadaspar/nordurland_vestra/#group=14&station=3225,https://www.vedur.is/vedur/spar/sparit/#m1=3225,https://www.vedur.is/vedur/stodvar/?s=kolka,https://www.vedur.is/,65.2307,-19.7177,504.0,"65°13.842', 19°43.062' (65,2307, 19,7177)",,,Landsvirkjun
Kollaleira í Reyðarfirði,kolla,Austf,sj,5975,17,https://www.vedur.is/vedur/athuganir/kort/austfirdir/#group=17&station=5975,https://www.vedur.is/vedur/spar/stadaspar/austfirdir/#group=17&station=5975,https://www.vedur.is/vedur/spar/sparit/#m1=5975,https://www.vedur.is/vedur/stodvar/?s=kolla,https://www.vedur.is/,65.0367,-14.2395,44.0,"65°02.203', 14°14.373' (65,0367, 14,2395)",,,Veðurstofa Íslands
Korpa,korpa,Faxafl,sj,1479,100,https://www.vedur.is/vedur/athuganir/kort/hofudborgarsvaedid/#group=100&station=1479,https://www.vedur.is/vedur/spar/stadaspar/hofudborgarsvaedid/#group=100&station=1479,https://www.vedur.is/vedur/spar/sparit/#m1=1479,https://www.vedur.is/vedur/stodvar/?s=korpa,https://www.vedur.is/,64.1505,-21.7511,35.0,"64°09.032', 21°45.064' (64,1505, 21,7511)",,,Veðurstofa Íslands
Kópavogur Fossvogsdalur,fosvd,Faxafl,sj,1472,101,https://www.vedur.is/vedur/athuganir/kort/hofudborgarsvaedid/#group=101&station=1472,https://www.vedur.is/vedur/spar/stadaspar/hofudborgarsvaedid/#group=101&station=1472,https://www.vedur.is/vedur/spar/sparit/#m1=1472,https://www.vedur.is/vedur/stodvar/?s=fosvd,https://www.vedur.is/,64.1163,-21.8617,19.0,"64°06.981', 21°51.700' (64,1163, 21,8617)",,,Veðurstofa Íslands
Krafla,krafl,NA.land,sj,4406,115,https://www.vedur.is/vedur/athuganir/kort/nordurland_eystra/#group=115&station=4406,https://www.vedur.is/vedur/spar/stadaspar/nordurland_eystra/#group=115&station=4406,https://www.vedur.is/vedur/spar/sparit/#m1=4406,https://www.vedur.is/vedur/stodvar/?s=krafl,https://www.vedur.is/,65.6945,-16.7748,455.0,"65°41.670', 16°46.490' (65,6945, 16,7748)",,,Landsvirkjun
Kvísker,ksker,SA.land,sj,5316,118,https://www.vedur.is/vedur/athuganir/kort/sudausturland/#group=118&station=5316,,,https://www.vedur.is/vedur/stodvar/?s=ksker,https://www.vedur.is/,63.9777,-16.4366,30.0,"63°58.661', 16°26.193' (63,9777, 16,4366)",,,Veðurstofa Íslands
Kvísker Vegagerðarstöð,kvisk,SA.land,sj,35315,27,https://www.vedur.is/vedur/athuganir/kort/sudausturland/#group=27&station=35315,https://www.vedur.is/vedur/spar/stadaspar/sudausturland/#group=27&station=35315,https://www.vedur.is/vedur/spar/sparit/#m1=35315,https://www.vedur.is/vedur/stodvar/?s=kvisk,https://www.vedur.is/,63.9596,-16.4244,30.0,"63°57.576', 16°25.465' (63,9596, 16,4244)",,,Vegagerðin
Lambavatn,lamba,Breiðafj,sj,2315,13,https://www.vedur.is/vedur/athuganir/kort/vestfirdir/#group=13&station=2315,https://www.vedur.is/vedur/spar/stadaspar/vestfirdir/#group=13&station=2315,https://www.vedur.is/vedur/spar/sparit/#m1=2315,https://www.vedur.is/vedur/stodvar/?s=lamba,https://www.vedur.is/,65.4924,-24.0925,4.0,"65°29.543', 24°05.551' (65,4924, 24,0925)",,,Veðurstofa Íslands
Langamýri sólgeislun,langm,Str.& NV,sj,3339,14,https://www.vedur.is/vedur/athuganir/kort/nordurland_vestra/#group=14&station=3339,,,https://www.vedur.is/vedur/stodvar/?s=langm,https://www.vedur.is/,65.5593,-19.4234,13.0,"65°33.556', 19°25.406' (65,5593, 19,4234)",,,Veðurstofa Íslands
Laufbali,laufb,Miðhá,sj,6472,18,https://www.vedur.is/vedur/athuganir/kort/sudausturland/#group=18&station=6472,https://www.vedur.is/vedur/spar/stadaspar/sudausturland/#group=18&station=6472,https://www.vedur.is/vedur/spar/sparit/#m1=6472,https://www.vedur.is/vedur/stodvar/?s=laufb,https://www.vedur.is/,64.0255,-18.1196,555.5999755859375,"64°01.527', 18°07.185' (64,0255, 18,1196)",,,Veðurstofa Íslands
Laxárdalsheiði,laxhe,Breiðafj,sj,32190,23,https://www.vedur.is/vedur/athuganir/kort/nordurland_vestra/#group=23&station=32190,https://www.vedur.is/vedur/spar/stadaspar/nordurland_vestra/#group=23&station=32190,https://www.vedur.is/vedur/spar/sparit/#m1=32190,https://www.vedur.is/vedur/stodvar/?s=laxhe,https://www.vedur.is/,65.2066,-21.3277,200.0,"65°12.395', 21°19.661' (65,2066, 21,3277)",,,Vegagerðin
Litla-Ávík,ltav,Str.& NV,sk,293,13,https://www.vedur.is/vedur/athuganir/kort/vestfirdir/#group=13&station=293,https://www.vedur.is/vedur/spar/stadaspar/vestfirdir/#group=13&station=293,https://www.vedur.is/vedur/spar/sparit/#m1=293,https://www.vedur.is/vedur/stodvar/?s=ltav,https://www.vedur.is/,66.0211,-21.4247,8.100000381469727,"66°01.280', 21°25.500' (66,0211, 21,4247)",,,Veðurstofa Íslands
Litla-Ávík,lavik,Str.& NV,sj,,,,,,https://www.vedur.is/vedur/stodvar/?s=lavik,https://www.vedur.is/,66.0211,-21.4247,8.100000381469727,"66°01.266', 21°25.483' (66,0211, 21,4247)",,,Veðurstofa Íslands
Ljósavatnsskarð,ljosv,NA.land,sj,3482,115,https://www.vedur.is/vedur/athuganir/kort/nordurland_eystra/#group=115&station=3482,,,https://www.vedur.is/vedur/stodvar/?s=ljosv,https://www.vedur.is/,65.7015,-17.6992,114.0,"65°42.089', 17°41.951' (65,7015, 17,6992)",,,Veðurstofa Íslands
Lómagnúpur,lomag,SA.land,sj,36386,27,https://www.vedur.is/vedur/athuganir/kort/sudausturland/#group=27&station=36386,https://www.vedur.is/vedur/spar/stadaspar/sudausturland/#group=27&station=36386,https://www.vedur.is/vedur/spar/sparit/#m1=36386,https://www.vedur.is/vedur/stodvar/?s=lomag,https://www.vedur.is/,63.9575,-17.555,55.0,"63°57.447', 17°33.302' (63,9575, 17,555)",,,Vegagerðin
Lónakvísl,lonak,Miðhá,sj,6459,62,https://www.vedur.is/vedur/athuganir/kort/midhalendid/#group=62&station=6459,https://www.vedur.is/vedur/spar/stadaspar/midhalendid/#group=62&station=6459,https://www.vedur.is/vedur/spar/sparit/#m1=6459,https://www.vedur.is/vedur/stodvar/?s=lonak,https://www.vedur.is/,64.0981,-18.6141,675.0,"64°05.885', 18°36.844' (64,0981, 18,6141)",,,Landsvirkjun
Lyngdalsheiði,lyngh,S.land,sj,36504,11,https://www.vedur.is/vedur/athuganir/kort/faxafloi/#group=11&station=36504,https://www.vedur.is/vedur/spar/stadaspar/faxafloi/#group=11&station=36504,https://www.vedur.is/vedur/spar/sparit/#m1=36504,https://www.vedur.is/vedur/stodvar/?s=lyngh,https://www.vedur.is/,64.2018,-20.8062,215.0,"64°12.109', 20°48.372' (64,2018, 20,8062)",,,Vegagerðin
Markalækur,mlaek,S.land,sj,26400,19,https://www.vedur.is/vedur/athuganir/kort/sudurland/#group=19&station=26400,https://www.vedur.is/vedur/spar/stadaspar/sudurland/#group=19&station=26400,https://www.vedur.is/vedur/spar/sparit/#m1=26400,https://www.vedur.is/vedur/stodvar/?s=mlaek,https://www.vedur.is/,64.077,-20.9842,36.0,"64°04.619', 20°59.055' (64,077, 20,9842)",,,Veðurstofa Íslands
Markarfljót,marka,S.land,sj,36122,119,https://www.vedur.is/vedur/athuganir/kort/sudurland/#group=119&station=36122,https://www.vedur.is/vedur/spar/stadaspar/sudurland/#group=119&station=36122,https://www.vedur.is/vedur/spar/sparit/#m1=36122,https://www.vedur.is/vedur/stodvar/?s=marka,https://www.vedur.is/,63.6216,-20.0285,42.0,"63°37.294', 20°01.711' (63,6216, 20,0285)",,,Vegagerðin
Mánárbakki,manar,NA.land,sj,3797,15,https://www.vedur.is/vedur/athuganir/kort/nordurland_eystra/#group=15&station=3797,https://www.vedur.is/vedur/spar/stadaspar/nordurland_eystra/#group=15&station=3797,https://www.vedur.is/vedur/spar/sparit/#m1=3797,https://www.vedur.is/vedur/stodvar/?s=manar,https://www.vedur.is/,66.1994,-17.1027,17.0,"66°11.964', 17°06.165' (66,1994, 17,1027)",,,Veðurstofa Íslands
Miðfjarðarnes,midfj,A.land,sj,4652,15,https://www.vedur.is/vedur/athuganir/kort/nordurland_eystra/#group=15&station=4652,https://www.vedur.is/vedur/spar/stadaspar/nordurland_eystra/#group=15&station=4652,https://www.vedur.is/vedur/spar/sparit/#m1=4652,https://www.vedur.is/vedur/stodvar/?s=midfj,https://www.vedur.is/,66.0668,-15.0799,25.0,"66°04.009', 15°04.796' (66,0668, 15,0799)",,,Veðurstofa Íslands
Miklidalur,mikli,Breiðafj,sj,31122,112,https://www.vedur.is/vedur/athuganir/kort/breidafjordur/#group=112&station=31122,https://www.vedur.is/vedur/spar/stadaspar/breidafjordur/#group=112&station=31122,https://www.vedur.is/vedur/spar/sparit/#m1=31122,https://www.vedur.is/vedur/stodvar/?s=mikli,https://www.vedur.is/,65.5807,-23.8552,370.0,"65°34.842', 23°51.312' (65,5807, 23,8552)",,,Vegagerðin
Mosfellsbær Blikastaðanes,blnes,Faxafl,sj,1579,102,https://www.vedur.is/vedur/athuganir/kort/hofudborgarsvaedid/#group=102&station=1579,,,https://www.vedur.is/vedur/stodvar/?s=blnes,https://www.vedur.is/,64.1669,-21.7437,13.0,"64°10.015', 21°44.621' (64,1669, 21,7437)",,,Veðurstofa Íslands
Mosfellsheiði,moshe,Faxafl,sj,31591,20,https://www.vedur.is/vedur/athuganir/kort/faxafloi/#group=20&station=31591,https://www.vedur.is/vedur/spar/stadaspar/faxafloi/#group=20&station=31591,https://www.vedur.is/vedur/spar/sparit/#m1=31591,https://www.vedur.is/vedur/stodvar/?s=moshe,https://www.vedur.is/,64.214,-21.3448,270.0,"64°12.842', 21°20.686' (64,214, 21,3448)",,,Vegagerðin
Mýrdalssandur,mysan,SA.land,sj,36156,27,https://www.vedur.is/vedur/athuganir/kort/sudausturland/#group=27&station=36156,https://www.vedur.is/vedur/spar/stadaspar/sudausturland/#group=27&station=36156,https://www.vedur.is/vedur/spar/sparit/#m1=36156,https://www.vedur.is/vedur/stodvar/?s=mysan,https://www.vedur.is/,63.4661,-18.6044,35.0,"63°27.969', 18°36.266' (63,4661, 18,6044)",,,Vegagerðin
Mývatn,myvtn,NA.land,sj,4300,15,https://www.vedur.is/vedur/athuganir/kort/nordurland_eystra/#group=15&station=4300,https://www.vedur.is/vedur/spar/stadaspar/nordurland_eystra/#group=15&station=4300,https://www.vedur.is/vedur/spar/sparit/#m1=4300,https://www.vedur.is/vedur/stodvar/?s=myvtn,https://www.vedur.is/,65.6193,-16.9768,282.29998779296875,"65°37.160', 16°58.610' (65,6193, 16,9768)",,,Veðurstofa Íslands
Mývatnsheiði,myvhe,NA.land,sj,33394,24,https://www.vedur.is/vedur/athuganir/kort/nordurland_eystra/#group=24&station=33394,https://www.vedur.is/vedur/spar/stadaspar/nordurland_eystra/#group=24&station=33394,https://www.vedur.is/vedur/spar/sparit/#m1=33394,https://www.vedur.is/vedur/stodvar/?s=myvhe,https://www.vedur.is/,65.6143,-17.2169,350.0,"65°36.855', 17°13.014' (65,6143, 17,2169)",,,Vegagerðin
Mývatnsöræfi,myvor,NA.land,sj,34413,24,https://www.vedur.is/vedur/athuganir/kort/nordurland_eystra/#group=24&station=34413,https://www.vedur.is/vedur/spar/stadaspar/nordurland_eystra/#group=24&station=34413,https://www.vedur.is/vedur/spar/sparit/#m1=34413,https://www.vedur.is/vedur/stodvar/?s=myvor,https://www.vedur.is/,65.6576,-16.5006,390.0,"65°39.454', 16°30.034' (65,6576, 16,5006)",,,Vegagerðin
Möðrudalsöræfi II,modhe,NA.land,sj,34238,16,https://www.vedur.is/vedur/athuganir/kort/austurland/#group=16&station=34238,https://www.vedur.is/vedur/spar/stadaspar/austurland/#group=16&station=34238,https://www.vedur.is/vedur/spar/sparit/#m1=34238,https://www.vedur.is/vedur/stodvar/?s=modhe,https://www.vedur.is/,65.457,-15.5855,550.0,"65°27.419', 15°35.130' (65,457, 15,5855)",,,Vegagerðin
Möðrudalur,modal,A.land,sj,4830,16,https://www.vedur.is/vedur/athuganir/kort/austurland/#group=16&station=4830,https://www.vedur.is/vedur/spar/stadaspar/austurland/#group=16&station=4830,https://www.vedur.is/vedur/spar/sparit/#m1=4830,https://www.vedur.is/vedur/stodvar/?s=modal,https://www.vedur.is/,65.3754,-15.8833,452.0,"65°22.522', 15°53.000' (65,3754, 15,8833)",,,Veðurstofa Íslands
Möðruvellir,modru,NA.land,sj,3463,23,https://www.vedur.is/vedur/athuganir/kort/nordurland_vestra/#group=23&station=3463,https://www.vedur.is/vedur/spar/stadaspar/nordurland_vestra/#group=23&station=3463,https://www.vedur.is/vedur/spar/sparit/#m1=3463,https://www.vedur.is/vedur/stodvar/?s=modru,https://www.vedur.is/,65.7707,-18.2513,15.0,"65°46.239', 18°15.080' (65,7707, 18,2513)",,,Veðurstofa Íslands
Mörk á Landi,morla,S.land,sj,6424,119,https://www.vedur.is/vedur/athuganir/kort/sudurland/#group=119&station=6424,https://www.vedur.is/vedur/spar/stadaspar/sudurland/#group=119&station=6424,https://www.vedur.is/vedur/spar/sparit/#m1=6424,https://www.vedur.is/vedur/stodvar/?s=morla,https://www.vedur.is/,64.0293,-20.0189,125.0,"64°01.755', 20°01.136' (64,0293, 20,0189)",,,Veðurstofa Íslands
Nautabú,nauta,Str.& NV,sj,3242,14,https://www.vedur.is/vedur/athuganir/kort/nordurland_vestra/#group=14&station=3242,https://www.vedur.is/vedur/spar/stadaspar/nordurland_vestra/#group=14&station=3242,https://www.vedur.is/vedur/spar/sparit/#m1=3242,https://www.vedur.is/vedur/stodvar/?s=nauta,https://www.vedur.is/,65.4583,-19.3691,111.5,"65°27.495', 19°22.147' (65,4583, 19,3691)",,,Veðurstofa Íslands
Neskaupstaður,nkaup,Austf,sj,5990,17,https://www.vedur.is/vedur/athuganir/kort/austfirdir/#group=17&station=5990,https://www.vedur.is/vedur/spar/stadaspar/austfirdir/#group=17&station=5990,https://www.vedur.is/vedur/spar/sparit/#m1=5990,https://www.vedur.is/vedur/stodvar/?s=nkaup,https://www.vedur.is/,65.1501,-13.6706,43.5,"65°09.006', 13°40.236' (65,1501, 13,6706)",,,Veðurstofa Íslands
Neskaupstaður Drangagil,nkaud,Austf,sj,,,,,,https://www.vedur.is/vedur/stodvar/?s=nkaud,https://www.vedur.is/,65.1618,-13.688,559.0,"65°09.706', 13°41.282' (65,1618, 13,688)",,,Veðurstofa Íslands
Núpahraun,nupah,SA.land,sj,36382,118,https://www.vedur.is/vedur/athuganir/kort/sudausturland/#group=118&station=36382,https://www.vedur.is/vedur/spar/stadaspar/sudausturland/#group=118&station=36382,https://www.vedur.is/vedur/spar/sparit/#m1=36382,https://www.vedur.is/vedur/stodvar/?s=nupah,https://www.vedur.is/,63.9334,-17.7054,51.0,"63°56.003', 17°42.321' (63,9334, 17,7054)",,,Vegagerðin
Oddsskarð,oddsk,Austf,sj,34087,26,https://www.vedur.is/vedur/athuganir/kort/austfirdir/#group=26&station=34087,https://www.vedur.is/vedur/spar/stadaspar/austfirdir/#group=26&station=34087,https://www.vedur.is/vedur/spar/sparit/#m1=34087,https://www.vedur.is/vedur/stodvar/?s=oddsk,https://www.vedur.is/,65.0637,-13.9187,520.0,"65°03.824', 13°55.124' (65,0637, 13,9187)",,,Vegagerðin
Ólafsfjarðarvegur við Sauðanes,olafv,NA.land,sj,33661,114,https://www.vedur.is/vedur/athuganir/kort/nordurland_vestra/#group=114&station=33661,https://www.vedur.is/vedur/spar/stadaspar/nordurland_vestra/#group=114&station=33661,https://www.vedur.is/vedur/spar/sparit/#m1=33661,https://www.vedur.is/vedur/stodvar/?s=olafv,https://www.vedur.is/,66.0424,-18.5208,73.0,"66°02.542', 18°31.246' (66,0424, 18,5208)",,,Vegagerðin
Ólafsfjörður,olfjo,NA.land,sj,3658,14,https://www.vedur.is/vedur/athuganir/kort/nordurland_vestra/#group=14&station=3658,https://www.vedur.is/vedur/spar/stadaspar/nordurland_vestra/#group=14&station=3658,https://www.vedur.is/vedur/spar/sparit/#m1=3658,https://www.vedur.is/vedur/stodvar/?s=olfjo,https://www.vedur.is/,66.0739,-18.6656,5.0,"66°04.431', 18°39.935' (66,0739, 18,6656)",,,Veðurstofa Íslands
Ólafsfjörður - Tindaöxl,olfti,NA.land,sj,,,,,,https://www.vedur.is/vedur/stodvar/?s=olfti,https://www.vedur.is/,66.063,-18.6309,450.0,"66°03.782', 18°37.854' (66,063, 18,6309)",,,Veðurstofa Íslands
Ólafsvík,olvik,Breiðafj,sj,1924,39,https://www.vedur.is/vedur/athuganir/kort/breidafjordur/#group=39&station=1924,https://www.vedur.is/vedur/spar/stadaspar/breidafjordur/#group=39&station=1924,https://www.vedur.is/vedur/spar/sparit/#m1=1924,https://www.vedur.is/vedur/stodvar/?s=olvik,https://www.vedur.is/,64.8957,-23.7162,19.0,"64°53.741', 23°42.974' (64,8957, 23,7162)",,,Veðurstofa Íslands
Papey,papey,Austf,sj,5777,45,https://www.vedur.is/vedur/athuganir/kort/sudausturland/#group=45&station=5777,https://www.vedur.is/vedur/spar/stadaspar/sudausturland/#group=45&station=5777,https://www.vedur.is/vedur/spar/sparit/#m1=5777,https://www.vedur.is/vedur/stodvar/?s=papey,https://www.vedur.is/,64.5911,-14.1747,49.0,"64°35.469', 14°10.481' (64,5911, 14,1747)",,,Vegagerðin
Patreksfjörður,patro,Breiðafj,sj,2319,13,https://www.vedur.is/vedur/athuganir/kort/vestfirdir/#group=13&station=2319,https://www.vedur.is/vedur/spar/stadaspar/vestfirdir/#group=13&station=2319,https://www.vedur.is/vedur/spar/sparit/#m1=2319,https://www.vedur.is/vedur/stodvar/?s=patro,https://www.vedur.is/,65.5951,-23.9748,43.0,"65°35.704', 23°58.490' (65,5951, 23,9748)",,,Veðurstofa Íslands
Rauðinúpur,raudi,NA.land,sj,4912,15,https://www.vedur.is/vedur/athuganir/kort/nordurland_eystra/#group=15&station=4912,https://www.vedur.is/vedur/spar/stadaspar/nordurland_eystra/#group=15&station=4912,https://www.vedur.is/vedur/spar/sparit/#m1=4912,https://www.vedur.is/vedur/stodvar/?s=raudi,https://www.vedur.is/,66.5082,-16.5444,59.29999923706055,"66°30.492', 16°32.663' (66,5082, 16,5444)",,,Veðurstofa Íslands
Raufarhöfn,raufa,NA.land,sj,4828,15,https://www.vedur.is/vedur/athuganir/kort/nordurland_eystra/#group=15&station=4828,https://www.vedur.is/vedur/spar/stadaspar/nordurland_eystra/#group=15&station=4828,https://www.vedur.is/vedur/spar/sparit/#m1=4828,https://www.vedur.is/vedur/stodvar/?s=raufa,https://www.vedur.is/,66.456,-15.9527,4.0,"66°27.360', 15°57.162' (66,456, 15,9527)",,,Veðurstofa Íslands
Refasveit,refas,Str.& NV,sj,33420,114,https://www.vedur.is/vedur/athuganir/kort/nordurland_vestra/#group=114&station=33420,https://www.vedur.is/vedur/spar/stadaspar/nordurland_vestra/#group=114&station=33420,https://www.vedur.is/vedur/spar/sparit/#m1=33420,https://www.vedur.is/vedur/stodvar/?s=refas,https://www.vedur.is/,65.7196,-20.2274,59.0,"65°43.178', 20°13.645' (65,7196, 20,2274)",,,Vegagerðin
Reykhólar,rehol,Breiðafj,sj,2266,12,https://www.vedur.is/vedur/athuganir/kort/breidafjordur/#group=12&station=2266,https://www.vedur.is/vedur/spar/stadaspar/breidafjordur/#group=12&station=2266,https://www.vedur.is/vedur/spar/sparit/#m1=2266,https://www.vedur.is/vedur/stodvar/?s=rehol,https://www.vedur.is/,65.4377,-22.2056,6.400000095367432,"65°26.259', 22°12.337' (65,4377, 22,2056)",,,Veðurstofa Íslands
Reykir í Fnjóskadal,reykf,NA.land,sj,3380,75,https://www.vedur.is/vedur/athuganir/kort/nordurland_eystra/#group=75&station=3380,https://www.vedur.is/vedur/spar/stadaspar/nordurland_eystra/#group=75&station=3380,https://www.vedur.is/vedur/spar/sparit/#m1=3380,https://www.vedur.is/vedur/stodvar/?s=reykf,https://www.vedur.is/,65.5851,-17.7667,211.39999389648438,"65°35.107', 17°46.000' (65,5851, 17,7667)",,,Veðurstofa Íslands
Reykir í Hrútafirði,rhrut,Str.& NV,sj,2197,14,https://www.vedur.is/vedur/athuganir/kort/nordurland_vestra/#group=14&station=2197,https://www.vedur.is/vedur/spar/stadaspar/nordurland_vestra/#group=14&station=2197,https://www.vedur.is/vedur/spar/sparit/#m1=2197,https://www.vedur.is/vedur/stodvar/?s=rhrut,https://www.vedur.is/,65.2543,-21.0978,9.800000190734863,"65°15.257', 21°05.867' (65,2543, 21,0978)",,,Veðurstofa Íslands
Reykjanesbraut,rbrau,Faxafl,sj,31363,20,https://www.vedur.is/vedur/athuganir/kort/faxafloi/#group=20&station=31363,https://www.vedur.is/vedur/spar/stadaspar/faxafloi/#group=20&station=31363,https://www.vedur.is/vedur/spar/sparit/#m1=31363,https://www.vedur.is/vedur/stodvar/?s=rbrau,https://www.vedur.is/,64.0027,-22.2296,25.0,"64°00.160', 22°13.774' (64,0027, 22,2296)",,,Vegagerðin
Reykjanesviti,rviti,Faxafl,sj,31640,38,https://www.vedur.is/vedur/athuganir/kort/faxafloi/#group=38&station=31640,https://www.vedur.is/vedur/spar/stadaspar/faxafloi/#group=38&station=31640,https://www.vedur.is/vedur/spar/sparit/#m1=31640,https://www.vedur.is/vedur/stodvar/?s=rviti,https://www.vedur.is/,63.8156,-22.7043,20.0,"63°48.936', 22°42.259' (63,8156, 22,7043)",,,Vegagerðin
Reykjavík,reitr,Faxafl,sj,,,,,,https://www.vedur.is/vedur/stodvar/?s=reitr,https://www.vedur.is/,64.1275,-21.902,52.0,"64°07.653', 21°54.120' (64,1275, 21,902)",,,Veðurstofa Íslands
Reykjavík,rvk,Faxafl,sk,1,100,https://www.vedur.is/vedur/athuganir/kort/hofudborgarsvaedid/#group=100&station=1,https://www.vedur.is/vedur/spar/stadaspar/hofudborgarsvaedid/#group=100&station=1,https://www.vedur.is/vedur/spar/sparit/#m1=1,https://www.vedur.is/vedur/stodvar/?s=rvk,https://www.vedur.is/,64.1289,-21.9082,60.20000076293945,"64°07.733', 21°54.491' (64,1289, 21,9082)",,,Veðurstofa Íslands
Reykjavík Geirsnef,genef,Faxafl,sj,1478,102,https://www.vedur.is/vedur/athuganir/kort/hofudborgarsvaedid/#group=102&station=1478,https://www.vedur.is/vedur/spar/stadaspar/hofudborgarsvaedid/#group=102&station=1478,https://www.vedur.is/vedur/spar/sparit/#m1=1478,https://www.vedur.is/vedur/stodvar/?s=genef,https://www.vedur.is/,64.1281,-21.8409,4.0,"64°07.686', 21°50.454' (64,1281, 21,8409)",,,Veðurstofa Íslands
Reykjavík Háahlíð,reith,Faxafl,sj,1470,101,https://www.vedur.is/vedur/athuganir/kort/hofudborgarsvaedid/#group=101&station=1470,https://www.vedur.is/vedur/spar/stadaspar/hofudborgarsvaedid/#group=101&station=1470,https://www.vedur.is/vedur/spar/sparit/#m1=1470,https://www.vedur.is/vedur/stodvar/?s=reith,https://www.vedur.is/,64.1288,-21.9082,60.20000076293945,"64°07.730', 21°54.493' (64,1288, 21,9082)",,,Veðurstofa Íslands
Reykjavík Hljómskálagarður,hljom,Faxafl,sj,1469,102,https://www.vedur.is/vedur/athuganir/kort/hofudborgarsvaedid/#group=102&station=1469,https://www.vedur.is/vedur/spar/stadaspar/hofudborgarsvaedid/#group=102&station=1469,https://www.vedur.is/vedur/spar/sparit/#m1=1469,https://www.vedur.is/vedur/stodvar/?s=hljom,https://www.vedur.is/,64.1411,-21.9436,4.5,"64°08.463', 21°56.618' (64,1411, 21,9436)",,,Veðurstofa Íslands
Reykjavík Víðidalur,vidal,Faxafl,sj,1482,100,https://www.vedur.is/vedur/athuganir/kort/hofudborgarsvaedid/#group=100&station=1482,https://www.vedur.is/vedur/spar/stadaspar/hofudborgarsvaedid/#group=100&station=1482,https://www.vedur.is/vedur/spar/sparit/#m1=1482,https://www.vedur.is/vedur/stodvar/?s=vidal,https://www.vedur.is/,64.1035,-21.7971,73.0999984741211,"64°06.208, 21°47.825 (64,1035, 21,7971)",,,Veðurstofa Íslands
Reykjavíkurflugvöllur,rflug,Faxafl,sj,1477,101,https://www.vedur.is/vedur/athuganir/kort/hofudborgarsvaedid/#group=101&station=1477,https://www.vedur.is/vedur/spar/stadaspar/hofudborgarsvaedid/#group=101&station=1477,https://www.vedur.is/vedur/spar/sparit/#m1=1477,https://www.vedur.is/vedur/stodvar/?s=rflug,https://www.vedur.is/,64.1284,-21.9407,12.0,"64°07.707', 21°56.442' (64,1284, 21,9407)",,,Veðurstofa Íslands
Reynisfjall,reyni,SA.land,sj,36049,28,https://www.vedur.is/vedur/athuganir/kort/sudurland/#group=28&station=36049,https://www.vedur.is/vedur/spar/stadaspar/sudurland/#group=28&station=36049,https://www.vedur.is/vedur/spar/sparit/#m1=36049,https://www.vedur.is/vedur/stodvar/?s=reyni,https://www.vedur.is/,63.4521,-19.0378,125.0,"63°27.124', 19°02.265' (63,4521, 19,0378)",,,Vegagerðin
Rif á Melrakkasléttu,rifms,NA.land,sj,4921,24,https://www.vedur.is/vedur/athuganir/kort/nordurland_eystra/#group=24&station=4921,https://www.vedur.is/vedur/spar/stadaspar/nordurland_eystra/#group=24&station=4921,https://www.vedur.is/vedur/spar/sparit/#m1=4921,https://www.vedur.is/vedur/stodvar/?s=rifms,https://www.vedur.is/,66.5112,-16.1439,10.0,"66°30.672', 16°08.634' (66,5112, 16,1439)",,,Veðurstofa Íslands
Sandbúðir,sandb,Miðhá,sj,6975,61,https://www.vedur.is/vedur/athuganir/kort/midhalendid/#group=61&station=6975,https://www.vedur.is/vedur/spar/stadaspar/midhalendid/#group=61&station=6975,https://www.vedur.is/vedur/spar/sparit/#m1=6975,https://www.vedur.is/vedur/stodvar/?s=sandb,https://www.vedur.is/,64.9331,-17.989,820.0,"64°55.985', 17°59.340' (64,9331, 17,989)",,,Landsvirkjun
Sandskeið,sansk,Faxafl,sj,31488,100,https://www.vedur.is/vedur/athuganir/kort/hofudborgarsvaedid/#group=100&station=31488,https://www.vedur.is/vedur/spar/stadaspar/hofudborgarsvaedid/#group=100&station=31488,https://www.vedur.is/vedur/spar/sparit/#m1=31488,https://www.vedur.is/vedur/stodvar/?s=sansk,https://www.vedur.is/,64.0624,-21.5577,180.0,"64°03.746', 21°33.462' (64,0624, 21,5577)",,,Vegagerðin
Sandvíkurheiði,sanhe,A.land,sj,34559,16,https://www.vedur.is/vedur/athuganir/kort/austurland/#group=16&station=34559,https://www.vedur.is/vedur/spar/stadaspar/austurland/#group=16&station=34559,https://www.vedur.is/vedur/spar/sparit/#m1=34559,https://www.vedur.is/vedur/stodvar/?s=sanhe,https://www.vedur.is/,65.8914,-14.8253,275.0,"65°53.482', 14°49.519' (65,8914, 14,8253)",,,Vegagerðin
Sauðanesviti,sdnv,Str.& NV,sk,400,15,https://www.vedur.is/vedur/athuganir/kort/nordurland_eystra/#group=15&station=400,https://www.vedur.is/vedur/spar/stadaspar/nordurland_eystra/#group=15&station=400,https://www.vedur.is/vedur/spar/sparit/#m1=400,https://www.vedur.is/vedur/stodvar/?s=sdnv,https://www.vedur.is/,66.1852,-18.9534,30.0,"66°11.112', 18°57.204' (66,1852, 18,9534)",,,Veðurstofa Íslands
Sauðanesviti,saudv,Str.& NV,sj,3751,42,https://www.vedur.is/vedur/athuganir/kort/nordurland_eystra/#group=42&station=3751,,,https://www.vedur.is/vedur/stodvar/?s=saudv,https://www.vedur.is/,66.1845,-18.9534,35.0,"66°11.070', 18°57.202' (66,1845, 18,9534)",,,Veðurstofa Íslands
Sauðárkrókur flugvöllur,skrok,Str.& NV,sj,3433,14,https://www.vedur.is/vedur/athuganir/kort/nordurland_vestra/#group=14&station=3433,https://www.vedur.is/vedur/spar/stadaspar/nordurland_vestra/#group=14&station=3433,https://www.vedur.is/vedur/spar/sparit/#m1=3433,https://www.vedur.is/vedur/stodvar/?s=skrok,https://www.vedur.is/,65.7259,-19.5737,0.5,"65°43.556', 19°34.421' (65,7259, 19,5737)",,,Veðurstofa Íslands
Sámsstaðir,samst,S.land,sj,6222,19,https://www.vedur.is/vedur/athuganir/kort/sudurland/#group=19&station=6222,https://www.vedur.is/vedur/spar/stadaspar/sudurland/#group=19&station=6222,https://www.vedur.is/vedur/spar/sparit/#m1=6222,https://www.vedur.is/vedur/stodvar/?s=samst,https://www.vedur.is/,63.7354,-20.1091,90.0,"63°44.122', 20°06.544' (63,7354, 20,1091)",,,Veðurstofa Íslands
Sáta,satax,Miðhá,sj,3054,14,https://www.vedur.is/vedur/athuganir/kort/nordurland_vestra/#group=14&station=3054,https://www.vedur.is/vedur/spar/stadaspar/nordurland_vestra/#group=14&station=3054,https://www.vedur.is/vedur/spar/sparit/#m1=3054,https://www.vedur.is/vedur/stodvar/?s=satax,https://www.vedur.is/,65.0628,-18.8383,785.0,"65°03.767', 18°50.300' (65,0628, 18,8383)",,,Veðurstofa Íslands
Seley,seley,Austf,sj,5993,44,https://www.vedur.is/vedur/athuganir/kort/austfirdir/#group=44&station=5993,https://www.vedur.is/vedur/spar/stadaspar/austfirdir/#group=44&station=5993,https://www.vedur.is/vedur/spar/sparit/#m1=5993,https://www.vedur.is/vedur/stodvar/?s=seley,https://www.vedur.is/,64.9775,-13.5198,18.0,"64°58.650', 13°31.188' (64,9775, 13,5198)",,,Vegagerðin
Selfoss,sfoss,S.land,sj,6300,19,https://www.vedur.is/vedur/athuganir/kort/sudurland/#group=19&station=6300,https://www.vedur.is/vedur/spar/stadaspar/sudurland/#group=19&station=6300,https://www.vedur.is/vedur/spar/sparit/#m1=6300,https://www.vedur.is/vedur/stodvar/?s=sfoss,https://www.vedur.is/,63.9355,-20.9707,20.0,"63°56.128', 20°58.240' (63,9355, 20,9707)",,,Veðurstofa Íslands
Seljalandsdalur,selja,Vestf,sj,2640,1302,https://www.vedur.is/vedur/athuganir/kort/vestfirdir/djupid/#group=1302&station=2640,,,https://www.vedur.is/vedur/stodvar/?s=selja,https://www.vedur.is/,66.076,-23.1987,550.0,"66°04.557', 23°11.920' (66,076, 23,1987)",,,Veðurstofa Íslands
Seljalandsdalur - skíðaskáli,selsk,Vestf,sj,2641,1302,https://www.vedur.is/vedur/athuganir/kort/vestfirdir/djupid/#group=1302&station=2641,https://www.vedur.is/vedur/spar/stadaspar/vestfirdir/djupid/#group=1302&station=2641,https://www.vedur.is/vedur/spar/sparit/#m1=2641,https://www.vedur.is/vedur/stodvar/?s=selsk,https://www.vedur.is/,66.0667,-23.2142,283.0,"66°04.002', 23°12.852' (66,0667, 23,2142)",,,Veðurstofa Íslands
Seltjarnarnes Suðurnes,selsu,Faxafl,sj,1471,100,https://www.vedur.is/vedur/athuganir/kort/hofudborgarsvaedid/#group=100&station=1471,https://www.vedur.is/vedur/spar/stadaspar/hofudborgarsvaedid/#group=100&station=1471,https://www.vedur.is/vedur/spar/sparit/#m1=1471,https://www.vedur.is/vedur/stodvar/?s=selsu,https://www.vedur.is/,64.1545,-22.0325,4.5,"64°09.270', 22°01.951' (64,1545, 22,0325)",,,Veðurstofa Íslands
Selvogur,selvg,S.land,sj,31380,11,https://www.vedur.is/vedur/athuganir/kort/faxafloi/#group=11&station=31380,https://www.vedur.is/vedur/spar/stadaspar/faxafloi/#group=11&station=31380,https://www.vedur.is/vedur/spar/sparit/#m1=31380,https://www.vedur.is/vedur/stodvar/?s=selvg,https://www.vedur.is/,63.8456,-21.6959,20.0,"63°50.736', 21°41.751' (63,8456, 21,6959)",,,Vegagerðin
Setur,setur,Miðhá,sj,6748,18,https://www.vedur.is/vedur/athuganir/kort/sudausturland/#group=18&station=6748,https://www.vedur.is/vedur/spar/stadaspar/sudausturland/#group=18&station=6748,https://www.vedur.is/vedur/spar/sparit/#m1=6748,https://www.vedur.is/vedur/stodvar/?s=setur,https://www.vedur.is/,64.6043,-19.0186,693.0,"64°36.258', 19°01.116' (64,6043, 19,0186)",,,Landsvirkjun
Seyðisfjörður,seydi,Austf,sj,4182,16,https://www.vedur.is/vedur/athuganir/kort/austurland/#group=16&station=4182,https://www.vedur.is/vedur/spar/stadaspar/austurland/#group=16&station=4182,https://www.vedur.is/vedur/spar/sparit/#m1=4182,https://www.vedur.is/vedur/stodvar/?s=seydi,https://www.vedur.is/,65.2549,-14.0064,37.0,"65°15.292', 14°00.387' (65,2549, 14,0064)",,,Veðurstofa Íslands
Siglufjarðarvegur,siveg,Str.& NV,sj,33750,24,https://www.vedur.is/vedur/athuganir/kort/nordurland_eystra/#group=24&station=33750,https://www.vedur.is/vedur/spar/stadaspar/nordurland_eystra/#group=24&station=33750,https://www.vedur.is/vedur/spar/sparit/#m1=33750,https://www.vedur.is/vedur/stodvar/?s=siveg,https://www.vedur.is/,66.129,-19.0721,20.0,"66°07.739', 19°04.328' (66,129, 19,0721)",,,Vegagerðin
Siglufjarðarvegur Herkonugil,siher,Str.& NV,sj,33751,115,https://www.vedur.is/vedur/athuganir/kort/nordurland_eystra/#group=115&station=33751,https://www.vedur.is/vedur/spar/stadaspar/nordurland_eystra/#group=115&station=33751,https://www.vedur.is/vedur/spar/sparit/#m1=33751,https://www.vedur.is/vedur/stodvar/?s=siher,https://www.vedur.is/,66.1784,-18.9752,66.0,"66°10.702', 18°58.512' (66,1784, 18,9752)",,,Vegagerðin
Siglufjörður,sifjo,Str.& NV,sj,3752,114,https://www.vedur.is/vedur/athuganir/kort/nordurland_vestra/#group=114&station=3752,https://www.vedur.is/vedur/spar/stadaspar/nordurland_vestra/#group=114&station=3752,https://www.vedur.is/vedur/spar/sparit/#m1=3752,https://www.vedur.is/vedur/stodvar/?s=sifjo,https://www.vedur.is/,66.1349,-18.919,6.0,"66°08.097', 18°55.139' (66,1349, 18,919)",,,Veðurstofa Íslands
Siglufjörður Hafnarfjall,sifhf,Str.& NV,sj,,,,,,https://www.vedur.is/vedur/stodvar/?s=sifhf,https://www.vedur.is/,66.1535,-18.9352,550.0,"66°09.212', 18°56.112' (66,1535, 18,9352)",,,Veðurstofa Íslands
Skaftafell,skaft,SA.land,sj,6499,18,https://www.vedur.is/vedur/athuganir/kort/sudausturland/#group=18&station=6499,https://www.vedur.is/vedur/spar/stadaspar/sudausturland/#group=18&station=6499,https://www.vedur.is/vedur/spar/sparit/#m1=6499,https://www.vedur.is/vedur/stodvar/?s=skaft,https://www.vedur.is/,64.0144,-16.9721,86.0,"64°00.862', 16°58.327' (64,0144, 16,9721)",,,Veðurstofa Íslands
Skagatá,skagt,Str.& NV,sj,3720,14,https://www.vedur.is/vedur/athuganir/kort/nordurland_vestra/#group=14&station=3720,https://www.vedur.is/vedur/spar/stadaspar/nordurland_vestra/#group=14&station=3720,https://www.vedur.is/vedur/spar/sparit/#m1=3720,https://www.vedur.is/vedur/stodvar/?s=skagt,https://www.vedur.is/,66.1192,-20.0989,9.0,"66°07.153', 20°05.932' (66,1192, 20,0989)",,,Vegagerðin
Skarðsfjöruviti,skafj,SA.land,sj,6176,18,https://www.vedur.is/vedur/athuganir/kort/sudausturland/#group=18&station=6176,https://www.vedur.is/vedur/spar/stadaspar/sudausturland/#group=18&station=6176,https://www.vedur.is/vedur/spar/sparit/#m1=6176,https://www.vedur.is/vedur/stodvar/?s=skafj,https://www.vedur.is/,63.5179,-17.9785,6.0,"63°31.072', 17°58.711' (63,5179, 17,9785)",,,Vegagerðin
Skarðsheiði Miðfitjahóll,skahe,Faxafl,sj,1679,111,https://www.vedur.is/vedur/athuganir/kort/faxafloi/#group=111&station=1679,https://www.vedur.is/vedur/spar/stadaspar/faxafloi/#group=111&station=1679,https://www.vedur.is/vedur/spar/sparit/#m1=1679,https://www.vedur.is/vedur/stodvar/?s=skahe,https://www.vedur.is/,64.4902,-21.7621,471.29998779296875,"64°29.411', 21°45.728' (64,4902, 21,7621)",,,Veðurstofa Íslands
Skarðsmýrarfjall,skamy,Faxafl,sj,1496,111,https://www.vedur.is/vedur/athuganir/kort/faxafloi/#group=111&station=1496,,,https://www.vedur.is/vedur/stodvar/?s=skamy,https://www.vedur.is/,64.0567,-21.3469,597.0,"64°03.401', 21°20.816' (64,0567, 21,3469)",,,Veðurstofa Íslands
Skálafell,sfell,Faxafl,sj,1590,11,https://www.vedur.is/vedur/athuganir/kort/faxafloi/#group=11&station=1590,https://www.vedur.is/vedur/spar/stadaspar/faxafloi/#group=11&station=1590,https://www.vedur.is/vedur/spar/sparit/#m1=1590,https://www.vedur.is/vedur/stodvar/?s=sfell,https://www.vedur.is/,64.2405,-21.4633,771.0,"64°14.429', 21°27.798' (64,2405, 21,4633)",,,Veðurstofa Íslands
Skálholt,skalh,S.land,sj,36411,19,https://www.vedur.is/vedur/athuganir/kort/sudurland/#group=19&station=36411,https://www.vedur.is/vedur/spar/stadaspar/sudurland/#group=19&station=36411,https://www.vedur.is/vedur/spar/sparit/#m1=36411,https://www.vedur.is/vedur/stodvar/?s=skalh,https://www.vedur.is/,64.1323,-20.5308,60.0,"64°07.937', 20°31.847' (64,1323, 20,5308)",,,Vegagerðin
Skjaldþingsstaðir,skjal,A.land,sj,4455,16,https://www.vedur.is/vedur/athuganir/kort/austurland/#group=16&station=4455,https://www.vedur.is/vedur/spar/stadaspar/austurland/#group=16&station=4455,https://www.vedur.is/vedur/spar/sparit/#m1=4455,https://www.vedur.is/vedur/stodvar/?s=skjal,https://www.vedur.is/,65.7036,-14.8208,34.79999923706055,"65°42.213', 14°49.247' (65,7036, 14,8208)",,,Veðurstofa Íslands
Skrauthólar,skrau,Faxafl,sj,1578,100,https://www.vedur.is/vedur/athuganir/kort/hofudborgarsvaedid/#group=100&station=1578,https://www.vedur.is/vedur/spar/stadaspar/hofudborgarsvaedid/#group=100&station=1578,https://www.vedur.is/vedur/spar/sparit/#m1=1578,https://www.vedur.is/vedur/stodvar/?s=skrau,https://www.vedur.is/,64.2318,-21.8046,20.0,"64°13.909', 21°48.278' (64,2318, 21,8046)",,,Veðurstofa Íslands
Staðarhóll,sholl,NA.land,sj,3591,15,https://www.vedur.is/vedur/athuganir/kort/nordurland_eystra/#group=15&station=3591,https://www.vedur.is/vedur/spar/stadaspar/nordurland_eystra/#group=15&station=3591,https://www.vedur.is/vedur/spar/sparit/#m1=3591,https://www.vedur.is/vedur/stodvar/?s=sholl,https://www.vedur.is/,65.821,-17.3446,40.0,"65°49.259', 17°20.675' (65,821, 17,3446)",,,Veðurstofa Íslands
Stafá,stafa,Str.& NV,sj,33643,14,https://www.vedur.is/vedur/athuganir/kort/nordurland_vestra/#group=14&station=33643,https://www.vedur.is/vedur/spar/stadaspar/nordurland_vestra/#group=14&station=33643,https://www.vedur.is/vedur/spar/sparit/#m1=33643,https://www.vedur.is/vedur/stodvar/?s=stafa,https://www.vedur.is/,66.0711,-19.2785,40.0,"66°04.265', 19°16.707' (66,0711, 19,2785)",,,Vegagerðin
Stafholtsey,stfey,Faxafl,sj,1781,71,https://www.vedur.is/vedur/athuganir/kort/faxafloi/#group=71&station=1781,https://www.vedur.is/vedur/spar/stadaspar/faxafloi/#group=71&station=1781,https://www.vedur.is/vedur/spar/sparit/#m1=1781,https://www.vedur.is/vedur/stodvar/?s=stfey,https://www.vedur.is/,64.643,-21.5893,14.0,"64°38.581', 21°35.358' (64,643, 21,5893)",,,Veðurstofa Íslands
Steinar,stein,S.land,sj,36132,19,https://www.vedur.is/vedur/athuganir/kort/sudurland/#group=19&station=36132,https://www.vedur.is/vedur/spar/stadaspar/sudurland/#group=19&station=36132,https://www.vedur.is/vedur/spar/sparit/#m1=36132,https://www.vedur.is/vedur/stodvar/?s=stein,https://www.vedur.is/,63.5429,-19.6906,20.0,"63°32.575', 19°41.434' (63,5429, 19,6906)",,,Vegagerðin
Steingrímsfjarðarheiði,stehe,Vestf,sj,32474,22,https://www.vedur.is/vedur/athuganir/kort/vestfirdir/#group=22&station=32474,https://www.vedur.is/vedur/spar/stadaspar/vestfirdir/#group=22&station=32474,https://www.vedur.is/vedur/spar/sparit/#m1=32474,https://www.vedur.is/vedur/stodvar/?s=stehe,https://www.vedur.is/,65.7503,-22.1291,440.0,"65°45.019', 22°07.748' (65,7503, 22,1291)",,,Vegagerðin
Stórholt,sholt,Breiðafj,sj,31950,21,https://www.vedur.is/vedur/athuganir/kort/breidafjordur/#group=21&station=31950,https://www.vedur.is/vedur/spar/stadaspar/breidafjordur/#group=21&station=31950,https://www.vedur.is/vedur/spar/sparit/#m1=31950,https://www.vedur.is/vedur/stodvar/?s=sholt,https://www.vedur.is/,64.9859,-22.8085,70.0,"64°59.154', 22°48.512' (64,9859, 22,8085)",,,Vegagerðin
Stórhöfði,storh,S.land,sj,6017,19,https://www.vedur.is/vedur/athuganir/kort/sudurland/#group=19&station=6017,https://www.vedur.is/vedur/spar/stadaspar/sudurland/#group=19&station=6017,https://www.vedur.is/vedur/spar/sparit/#m1=6017,https://www.vedur.is/vedur/stodvar/?s=storh,https://www.vedur.is/,63.3996,-20.2882,118.0,"63°23.974', 20°17.295' (63,3996, 20,2882)",,,Veðurstofa Íslands
Straumnesviti,strnv,Vestf,sj,2941,13,https://www.vedur.is/vedur/athuganir/kort/vestfirdir/#group=13&station=2941,https://www.vedur.is/vedur/spar/stadaspar/vestfirdir/#group=13&station=2941,https://www.vedur.is/vedur/spar/sparit/#m1=2941,https://www.vedur.is/vedur/stodvar/?s=strnv,https://www.vedur.is/,66.4305,-23.1345,7.0,"66°25.831', 23°08.072' (66,4305, 23,1345)",,,Vegagerðin
Straumsvík,strau,Faxafl,sj,1473,100,https://www.vedur.is/vedur/athuganir/kort/hofudborgarsvaedid/#group=100&station=1473,https://www.vedur.is/vedur/spar/stadaspar/hofudborgarsvaedid/#group=100&station=1473,https://www.vedur.is/vedur/spar/sparit/#m1=1473,https://www.vedur.is/vedur/stodvar/?s=strau,https://www.vedur.is/,64.0438,-22.0404,7.0,"64°02.628', 22°02.427' (64,0438, 22,0404)",,,Veðurstofa Íslands
Streiti,strei,Austf,sj,35880,26,https://www.vedur.is/vedur/athuganir/kort/austfirdir/#group=26&station=35880,https://www.vedur.is/vedur/spar/stadaspar/austfirdir/#group=26&station=35880,https://www.vedur.is/vedur/spar/sparit/#m1=35880,https://www.vedur.is/vedur/stodvar/?s=strei,https://www.vedur.is/,64.7199,-14.0363,10.0,"64°43.197', 14°02.177' (64,7199, 14,0363)",,,Vegagerðin
Stykkishólmur,stykk,Breiðafj,sj,,,,,,https://www.vedur.is/vedur/stodvar/?s=stykk,https://www.vedur.is/,65.0717,-22.7324,12.399999618530273,"65°04.302', 22°43.942' (65,0717, 22,7324)",,,Veðurstofa Íslands
Stykkishólmur,sth,Breiðafj,sk,178,12,https://www.vedur.is/vedur/athuganir/kort/breidafjordur/#group=12&station=178,https://www.vedur.is/vedur/spar/stadaspar/breidafjordur/#group=12&station=178,https://www.vedur.is/vedur/spar/sparit/#m1=178,https://www.vedur.is/vedur/stodvar/?s=sth,https://www.vedur.is/,65.074,-22.7339,13.199999809265137,"65°04.442', 22°44.033' (65,074, 22,7339)",,,Veðurstofa Íslands
Suðureyri,seyri,Vestf,sj,2630,1301,https://www.vedur.is/vedur/athuganir/kort/vestfirdir/djupid/#group=1301&station=2630,https://www.vedur.is/vedur/spar/stadaspar/vestfirdir/djupid/#group=1301&station=2630,https://www.vedur.is/vedur/spar/sparit/#m1=2630,https://www.vedur.is/vedur/stodvar/?s=seyri,https://www.vedur.is/,66.1251,-23.5077,2.0,"66°07.504', 23°30.464' (66,1251, 23,5077)",,,Veðurstofa Íslands
Surtsey,surte,S.land,sj,6012,19,https://www.vedur.is/vedur/athuganir/kort/sudurland/#group=19&station=6012,https://www.vedur.is/vedur/spar/stadaspar/sudurland/#group=19&station=6012,https://www.vedur.is/vedur/spar/sparit/#m1=6012,https://www.vedur.is/vedur/stodvar/?s=surte,https://www.vedur.is/,63.2993,-20.5995,36.0,"63°17.958', 20°35.968' (63,2993, 20,5995)",,,Veðurstofa Íslands
Súðavík,sudav,Vestf,sj,2646,1301,https://www.vedur.is/vedur/athuganir/kort/vestfirdir/djupid/#group=1301&station=2646,https://www.vedur.is/vedur/spar/stadaspar/vestfirdir/djupid/#group=1301&station=2646,https://www.vedur.is/vedur/spar/sparit/#m1=2646,https://www.vedur.is/vedur/stodvar/?s=sudav,https://www.vedur.is/,66.0426,-22.986,10.899999618530273,"66°02.556', 22°59.163' (66,0426, 22,986)",,,Veðurstofa Íslands
Svartárkot,svkot,NA.land,sj,3292,61,https://www.vedur.is/vedur/athuganir/kort/midhalendid/#group=61&station=3292,https://www.vedur.is/vedur/spar/stadaspar/midhalendid/#group=61&station=3292,https://www.vedur.is/vedur/spar/sparit/#m1=3292,https://www.vedur.is/vedur/stodvar/?s=svkot,https://www.vedur.is/,65.3419,-17.2465,403.3999938964844,"65°20.514', 17°14.789' (65,3419, 17,2465)",,,Veðurstofa Íslands
Sveifluháls,sveif,S.land,sj,31374,20,https://www.vedur.is/vedur/athuganir/kort/faxafloi/#group=20&station=31374,,,https://www.vedur.is/vedur/stodvar/?s=sveif,https://www.vedur.is/,63.9664,-21.9457,179.5,"63°57.985', 21°56.742' (63,9664, 21,9457)",,,Vegagerðin
Svínadalur í Dölum,svina,Breiðafj,sj,32179,21,https://www.vedur.is/vedur/athuganir/kort/breidafjordur/#group=21&station=32179,https://www.vedur.is/vedur/spar/stadaspar/breidafjordur/#group=21&station=32179,https://www.vedur.is/vedur/spar/sparit/#m1=32179,https://www.vedur.is/vedur/stodvar/?s=svina,https://www.vedur.is/,65.3058,-21.7396,230.0,"65°18.351', 21°44.377' (65,3058, 21,7396)",,,Vegagerðin
Tálknafjörður,talkn,Breiðafj,sj,2323,40,https://www.vedur.is/vedur/athuganir/kort/vestfirdir/#group=40&station=2323,https://www.vedur.is/vedur/spar/stadaspar/vestfirdir/#group=40&station=2323,https://www.vedur.is/vedur/spar/sparit/#m1=2323,https://www.vedur.is/vedur/stodvar/?s=talkn,https://www.vedur.is/,65.6276,-23.8302,8.5,"65°37.656', 23°49.814' (65,6276, 23,8302)",,,Veðurstofa Íslands
Teigarhorn,teiga,Austf,sj,5872,17,https://www.vedur.is/vedur/athuganir/kort/austfirdir/#group=17&station=5872,https://www.vedur.is/vedur/spar/stadaspar/austfirdir/#group=17&station=5872,https://www.vedur.is/vedur/spar/sparit/#m1=5872,https://www.vedur.is/vedur/stodvar/?s=teiga,https://www.vedur.is/,64.6757,-14.3444,20.700000762939453,"64°40.540', 14°20.663' (64,6757, 14,3444)",,,Veðurstofa Íslands
Tíðaskarð,tidas,Faxafl,sj,31578,71,https://www.vedur.is/vedur/athuganir/kort/faxafloi/#group=71&station=31578,https://www.vedur.is/vedur/spar/stadaspar/faxafloi/#group=71&station=31578,https://www.vedur.is/vedur/spar/sparit/#m1=31578,https://www.vedur.is/vedur/stodvar/?s=tidas,https://www.vedur.is/,64.287,-21.812,65.0,"64°17.222', 21°48.719' (64,287, 21,812)",,,Vegagerðin
Tjörnes - Gerðibrekka,tjnes,NA.land,sj,34700,24,https://www.vedur.is/vedur/athuganir/kort/nordurland_eystra/#group=24&station=34700,https://www.vedur.is/vedur/spar/stadaspar/nordurland_eystra/#group=24&station=34700,https://www.vedur.is/vedur/spar/sparit/#m1=34700,https://www.vedur.is/vedur/stodvar/?s=tjnes,https://www.vedur.is/,66.1487,-16.9752,93.0,"66°08.921', 16°58.514' (66,1487, 16,9752)",,,Vegagerðin
Torfur,torfr,NA.land,sj,3371,15,https://www.vedur.is/vedur/athuganir/kort/nordurland_eystra/#group=15&station=3371,https://www.vedur.is/vedur/spar/stadaspar/nordurland_eystra/#group=15&station=3371,https://www.vedur.is/vedur/spar/sparit/#m1=3371,https://www.vedur.is/vedur/stodvar/?s=torfr,https://www.vedur.is/,65.501,-18.1616,25.799999237060547,"65°30.058', 18°09.696' (65,501, 18,1616)",,,Veðurstofa Íslands
Upptyppingar,uppty,Miðhá,sj,4019,17,https://www.vedur.is/vedur/athuganir/kort/austfirdir/#group=17&station=4019,https://www.vedur.is/vedur/spar/stadaspar/austfirdir/#group=17&station=4019,https://www.vedur.is/vedur/spar/sparit/#m1=4019,https://www.vedur.is/vedur/stodvar/?s=uppty,https://www.vedur.is/,65.0607,-16.2104,563.0,"65°03.639', 16°12.624' (65,0607, 16,2104)",,,Veðurstofa Íslands
Vaðlaheiði,vadla,NA.land,sj,3474,115,https://www.vedur.is/vedur/athuganir/kort/nordurland_eystra/#group=115&station=3474,,,https://www.vedur.is/vedur/stodvar/?s=vadla,https://www.vedur.is/,65.7483,-18.0021,580.0,"65°44.899', 18°00.127' (65,7483, 18,0021)",,,Veðurstofa Íslands
Vaðlaheiði II,vadlv,NA.land,sj,7472,115,https://www.vedur.is/vedur/athuganir/kort/nordurland_eystra/#group=115&station=7472,,,https://www.vedur.is/vedur/stodvar/?s=vadlv,https://www.vedur.is/,65.7483,-18.0021,580.0,"65°44.899', 18°00.127' (65,7483, 18,0021)",,,Veðurstofa Íslands
Vatnaleið,vatna,Faxafl,sj,31948,11,https://www.vedur.is/vedur/athuganir/kort/faxafloi/#group=11&station=31948,https://www.vedur.is/vedur/spar/stadaspar/faxafloi/#group=11&station=31948,https://www.vedur.is/vedur/spar/sparit/#m1=31948,https://www.vedur.is/vedur/stodvar/?s=vatna,https://www.vedur.is/,64.9095,-22.8649,226.0,"64°54.571', 22°51.895' (64,9095, 22,8649)",,,Vegagerðin
Vatnsfell,vfell,Miðhá,sj,6546,18,https://www.vedur.is/vedur/athuganir/kort/sudausturland/#group=18&station=6546,https://www.vedur.is/vedur/spar/stadaspar/sudausturland/#group=18&station=6546,https://www.vedur.is/vedur/spar/sparit/#m1=6546,https://www.vedur.is/vedur/stodvar/?s=vfell,https://www.vedur.is/,64.1956,-19.0467,539.5,"64°11.735', 19°02.800' (64,1956, 19,0467)",,,Landsvirkjun
Vatnsskarð,vtnsk,Str.& NV,sj,33431,23,https://www.vedur.is/vedur/athuganir/kort/nordurland_vestra/#group=23&station=33431,https://www.vedur.is/vedur/spar/stadaspar/nordurland_vestra/#group=23&station=33431,https://www.vedur.is/vedur/spar/sparit/#m1=33431,https://www.vedur.is/vedur/stodvar/?s=vtnsk,https://www.vedur.is/,65.5085,-19.6945,420.0,"65°30.510', 19°41.670' (65,5085, 19,6945)",,,Vegagerðin
Vatnsskarð eystra,vtney,A.land,sj,34382,16,https://www.vedur.is/vedur/athuganir/kort/austurland/#group=16&station=34382,https://www.vedur.is/vedur/spar/stadaspar/austurland/#group=16&station=34382,https://www.vedur.is/vedur/spar/sparit/#m1=34382,https://www.vedur.is/vedur/stodvar/?s=vtney,https://www.vedur.is/,65.5623,-13.9897,430.0,"65°33.740', 13°59.384' (65,5623, 13,9897)",,,Vegagerðin
Vatnsskarðshólar,vtns,S.land,sk,802,19,https://www.vedur.is/vedur/athuganir/kort/sudurland/#group=19&station=802,https://www.vedur.is/vedur/spar/stadaspar/sudurland/#group=19&station=802,https://www.vedur.is/vedur/spar/sparit/#m1=802,https://www.vedur.is/vedur/stodvar/?s=vtns,https://www.vedur.is/,63.4236,-19.183,20.0,"63°25.416', 19°10.982' (63,4236, 19,183)",,,Veðurstofa Íslands
Vatnsskarðshólar,vskho,S.land,sj,,,,,,https://www.vedur.is/vedur/stodvar/?s=vskho,https://www.vedur.is/,63.424,-19.1837,10.0,"63°25.438', 19°11.020' (63,424, 19,1837)",,,Veðurstofa Íslands
Vattarnes,vatta,Austf,sj,5988,17,https://www.vedur.is/vedur/athuganir/kort/austfirdir/#group=17&station=5988,https://www.vedur.is/vedur/spar/stadaspar/austfirdir/#group=17&station=5988,https://www.vedur.is/vedur/spar/sparit/#m1=5988,https://www.vedur.is/vedur/stodvar/?s=vatta,https://www.vedur.is/,64.937,-13.6846,5.300000190734863,"64°56.221', 13°41.076' (64,937, 13,6846)",,,Veðurstofa Íslands
Veiðivatnahraun,veivh,Miðhá,sj,6657,61,https://www.vedur.is/vedur/athuganir/kort/midhalendid/#group=61&station=6657,https://www.vedur.is/vedur/spar/stadaspar/midhalendid/#group=61&station=6657,https://www.vedur.is/vedur/spar/sparit/#m1=6657,https://www.vedur.is/vedur/stodvar/?s=veivh,https://www.vedur.is/,64.3951,-18.5048,647.0,"64°23.706', 18°30.286' (64,3951, 18,5048)",,,Landsvirkjun
Vestmannaeyjabær,vestb,S.land,sj,6015,79,https://www.vedur.is/vedur/athuganir/kort/sudurland/#group=79&station=6015,https://www.vedur.is/vedur/spar/stadaspar/sudurland/#group=79&station=6015,https://www.vedur.is/vedur/spar/sparit/#m1=6015,https://www.vedur.is/vedur/stodvar/?s=vestb,https://www.vedur.is/,63.4359,-20.2758,40.400001525878906,"63°26.152', 20°16.547' (63,4359, 20,2758)",,,Veðurstofa Íslands
Végeirsstaðir í Fnjóskadal,vegei,NA.land,sj,3477,15,https://www.vedur.is/vedur/athuganir/kort/nordurland_eystra/#group=15&station=3477,https://www.vedur.is/vedur/spar/stadaspar/nordurland_eystra/#group=15&station=3477,https://www.vedur.is/vedur/spar/sparit/#m1=3477,https://www.vedur.is/vedur/stodvar/?s=vegei,https://www.vedur.is/,65.817,-17.8857,130.3000030517578,"65°49.018', 17°53.142' (65,817, 17,8857)",,,Veðurstofa Íslands
Víkurgerði,vikge,Austf,sj,35985,26,https://www.vedur.is/vedur/athuganir/kort/austfirdir/#group=26&station=35985,https://www.vedur.is/vedur/spar/stadaspar/austfirdir/#group=26&station=35985,https://www.vedur.is/vedur/spar/sparit/#m1=35985,https://www.vedur.is/vedur/stodvar/?s=vikge,https://www.vedur.is/,64.8956,-13.8547,40.0,"64°53.737', 13°51.282' (64,8956, 13,8547)",,,Vegagerðin
Víkurskarð,viksk,NA.land,sj,33576,24,https://www.vedur.is/vedur/athuganir/kort/nordurland_eystra/#group=24&station=33576,https://www.vedur.is/vedur/spar/stadaspar/nordurland_eystra/#group=24&station=33576,https://www.vedur.is/vedur/spar/sparit/#m1=33576,https://www.vedur.is/vedur/stodvar/?s=viksk,https://www.vedur.is/,65.814,-17.9912,325.0,"65°48.840', 17°59.472' (65,814, 17,9912)",,,Vegagerðin
Vopnafjarðarheiði,vopfh,A.land,sj,34348,15,https://www.vedur.is/vedur/athuganir/kort/nordurland_eystra/#group=15&station=34348,https://www.vedur.is/vedur/spar/stadaspar/nordurland_eystra/#group=15&station=34348,https://www.vedur.is/vedur/spar/sparit/#m1=34348,https://www.vedur.is/vedur/stodvar/?s=vopfh,https://www.vedur.is/,65.5947,-15.3158,440.0,"65°35.679', 15°18.947' (65,5947, 15,3158)",,,Vegagerðin
Þeistareykir,teist,NA.land,sj,4500,115,https://www.vedur.is/vedur/athuganir/kort/nordurland_eystra/#group=115&station=4500,https://www.vedur.is/vedur/spar/stadaspar/nordurland_eystra/#group=115&station=4500,https://www.vedur.is/vedur/spar/sparit/#m1=4500,https://www.vedur.is/vedur/stodvar/?s=teist,https://www.vedur.is/,65.911,-16.9762,311.0,"65°54.662', 16°58.574' (65,911, 16,9762)",,,Landsvirkjun
Þingvellir,tingv,S.land,sj,1596,11,https://www.vedur.is/vedur/athuganir/kort/faxafloi/#group=11&station=1596,https://www.vedur.is/vedur/spar/stadaspar/faxafloi/#group=11&station=1596,https://www.vedur.is/vedur/spar/sparit/#m1=1596,https://www.vedur.is/vedur/stodvar/?s=tingv,https://www.vedur.is/,64.2807,-21.0875,110.0,"64°16.842', 21°05.252' (64,2807, 21,0875)",,,Veðurstofa Íslands
Þjórsárbrú,tjors,S.land,sj,36308,20,https://www.vedur.is/vedur/athuganir/kort/faxafloi/#group=20&station=36308,https://www.vedur.is/vedur/spar/stadaspar/faxafloi/#group=20&station=36308,https://www.vedur.is/vedur/spar/sparit/#m1=36308,https://www.vedur.is/vedur/stodvar/?s=tjors,https://www.vedur.is/,63.9306,-20.6653,49.0,"63°55.837', 20°39.918' (63,9306, 20,6653)",,,Vegagerðin
Þórudalur,thord,Austf,sj,5965,116,https://www.vedur.is/vedur/athuganir/kort/austurland/#group=116&station=5965,https://www.vedur.is/vedur/spar/stadaspar/austurland/#group=116&station=5965,https://www.vedur.is/vedur/spar/sparit/#m1=5965,https://www.vedur.is/vedur/stodvar/?s=thord,https://www.vedur.is/,65.0364,-14.5711,300.0,"65°02.182', 14°34.266' (65,0364, 14,5711)",,,Veðurstofa Íslands
Þrengsli,treng,S.land,sj,31387,28,https://www.vedur.is/vedur/athuganir/kort/sudurland/#group=28&station=31387,https://www.vedur.is/vedur/spar/stadaspar/sudurland/#group=28&station=31387,https://www.vedur.is/vedur/spar/sparit/#m1=31387,https://www.vedur.is/vedur/stodvar/?s=treng,https://www.vedur.is/,63.9876,-21.4633,260.0,"63°59.254', 21°27.797' (63,9876, 21,4633)",,,Vegagerðin
Þröskuldar,thros,Breiðafj,sj,32377,22,https://www.vedur.is/vedur/athuganir/kort/vestfirdir/#group=22&station=32377,https://www.vedur.is/vedur/spar/stadaspar/vestfirdir/#group=22&station=32377,https://www.vedur.is/vedur/spar/sparit/#m1=32377,https://www.vedur.is/vedur/stodvar/?s=thros,https://www.vedur.is/,65.5524,-21.833,370.0,"65°33.145', 21°49.981' (65,5524, 21,833)",,,Vegagerðin
Þúfuver,tuver,Miðhá,sj,6760,62,https://www.vedur.is/vedur/athuganir/kort/midhalendid/#group=62&station=6760,https://www.vedur.is/vedur/spar/stadaspar/midhalendid/#group=62&station=6760,https://www.vedur.is/vedur/spar/sparit/#m1=6760,https://www.vedur.is/vedur/stodvar/?s=tuver,https://www.vedur.is/,64.5818,-18.5976,620.0,"64°34.908', 18°35.856' (64,5818, 18,5976)",,,Landsvirkjun
Þverárfjall,tvera,Str.& NV,sj,33424,23,https://www.vedur.is/vedur/athuganir/kort/nordurland_vestra/#group=23&station=33424,https://www.vedur.is/vedur/spar/stadaspar/nordurland_vestra/#group=23&station=33424,https://www.vedur.is/vedur/spar/sparit/#m1=33424,https://www.vedur.is/vedur/stodvar/?s=tvera,https://www.vedur.is/,65.7801,-20.0186,330.0,"65°46.803', 20°01.113' (65,7801, 20,0186)",,,Vegagerðin
Þverfjall,tverf,Vestf,sj,2636,1301,https://www.vedur.is/vedur/athuganir/kort/vestfirdir/djupid/#group=1301&station=2636,https://www.vedur.is/vedur/spar/stadaspar/vestfirdir/djupid/#group=1301&station=2636,https://www.vedur.is/vedur/spar/sparit/#m1=2636,https://www.vedur.is/vedur/stodvar/?s=tverf,https://www.vedur.is/,66.0444,-23.3074,741.0,"66°02.666', 23°18.447' (66,0444, 23,3074)",,,Veðurstofa Íslands
Þverfjall II,tverv,Vestf,sj,7636,113,https://www.vedur.is/vedur/athuganir/kort/vestfirdir/#group=113&station=7636,,,https://www.vedur.is/vedur/stodvar/?s=tverv,https://www.vedur.is/,66.0448,-23.3076,742.7000122070312,"66°02.686', 23°18.458' (66,0448, 23,3076)",,,Veðurstofa Íslands
Þykkvibær,opart,S.land,sj,6208,19,https://www.vedur.is/vedur/athuganir/kort/sudurland/#group=19&station=6208,https://www.vedur.is/vedur/spar/stadaspar/sudurland/#group=19&station=6208,https://www.vedur.is/vedur/spar/sparit/#m1=6208,https://www.vedur.is/vedur/stodvar/?s=opart,https://www.vedur.is/,63.7477,-20.6182,10.0,"63°44.865', 20°37.089' (63,7477, 20,6182)",,,Veðurstofa Íslands
Þyrill,tyril,Faxafl,sj,1685,20,https://www.vedur.is/vedur/athuganir/kort/faxafloi/#group=20&station=1685,https://www.vedur.is/vedur/spar/stadaspar/faxafloi/#group=20&station=1685,https://www.vedur.is/vedur/spar/sparit/#m1=1685,https://www.vedur.is/vedur/stodvar/?s=tyril,https://www.vedur.is/,64.3877,-21.4169,61.5,"64°23.264', 21°25.013' (64,3877, 21,4169)",,,Veðurstofa Íslands
Æðey,aedey,Vestf,sj,2655,13,https://www.vedur.is/vedur/athuganir/kort/vestfirdir/#group=13&station=2655,https://www.vedur.is/vedur/spar/stadaspar/vestfirdir/#group=13&station=2655,https://www.vedur.is/vedur/spar/sparit/#m1=2655,https://www.vedur.is/vedur/stodvar/?s=aedey,https://www.vedur.is/,66.1006,-22.6594,21.0,"66°06.039', 22°39.562' (66,1006, 22,6594)",,,Veðurstofa Íslands
Ögur,oguri,Vestf,sj,32654,1301,https://www.vedur.is/vedur/athuganir/kort/vestfirdir/djupid/#group=1301&station=32654,https://www.vedur.is/vedur/spar/stadaspar/vestfirdir/djupid/#group=1301&station=32654,https://www.vedur.is/vedur/spar/sparit/#m1=32654,https://www.vedur.is/vedur/stodvar/?s=oguri,https://www.vedur.is/,66.0449,-22.6817,40.0,"66°02.693', 22°40.902' (66,0449, 22,6817)",,,Vegagerðin
Ölkelduháls,olkel,Faxafl,sj,1493,111,https://www.vedur.is/vedur/athuganir/kort/faxafloi/#group=111&station=1493,https://www.vedur.is/vedur/spar/stadaspar/faxafloi/#group=111&station=1493,https://www.vedur.is/vedur/spar/sparit/#m1=1493,https://www.vedur.is/vedur/stodvar/?s=olkel,https://www.vedur.is/,64.0553,-21.2532,360.0,"64°03.317', 21°15.190' (64,0553, 21,2532)",,,Veðurstofa Íslands
Önundarhorn,onund,S.land,sj,6134,119,https://www.vedur.is/vedur/athuganir/kort/sudurland/#group=119&station=6134,https://www.vedur.is/vedur/spar/stadaspar/sudurland/#group=119&station=6134,https://www.vedur.is/vedur/spar/sparit/#m1=6134,https://www.vedur.is/vedur/stodvar/?s=onund,https://www.vedur.is/,63.5242,-19.6357,12.0,"63°31.450', 19°38.140' (63,5242, 19,6357)",,,Veðurstofa Íslands
Öræfi,orafi,SA.land,sj,35305,118,https://www.vedur.is/vedur/athuganir/kort/sudausturland/#group=118&station=35305,https://www.vedur.is/vedur/spar/stadaspar/sudausturland/#group=118&station=35305,https://www.vedur.is/vedur/spar/sparit/#m1=35305,https://www.vedur.is/vedur/stodvar/?s=orafi,https://www.vedur.is/,63.9387,-16.7959,75.0,"63°56.321', 16°47.751' (63,9387, 16,7959)",,,Vegagerðin
Öxi,oxixx,Austf,sj,35963,26,https://www.vedur.is/vedur/athuganir/kort/austfirdir/#group=26&station=35963,https://www.vedur.is/vedur/spar/stadaspar/austfirdir/#group=26&station=35963,https://www.vedur.is/vedur/spar/sparit/#m1=35963,https://www.vedur.is/vedur/stodvar/?s=oxixx,https://www.vedur.is/,64.8257,-14.6573,531.0,"64°49.544', 14°39.439' (64,8257, 14,6573)",,,Vegagerðin
Öxnadalsheiði,oxnad,NA.land,sj,33357,15,https://www.vedur.is/vedur/athuganir/kort/nordurland_eystra/#group=15&station=33357,https://www.vedur.is/vedur/spar/stadaspar/nordurland_eystra/#group=15&station=33357,https://www.vedur.is/vedur/spar/sparit/#m1=33357,https://www.vedur.is/vedur/stodvar/?s=oxnad,https://www.vedur.is/,65.4676,-18.6987,540.0,"65°28.057', 18°41.923' (65,4676, 18,6987)",,,Vegagerðin
